name,height,weight,reach,stance
Amanda Ribas,160.02,56.7,167.64,1
Rose Namajunas,165.1,56.7,165.1,1
Karl Williams,190.5,106.59,200.66,1
Justin Tafa,182.88,119.75,187.96,3
Edmen Shahbazyan,187.96,83.91,190.5,1
AJ Dobson,185.42,83.91,193.04,1
Payton Talbott,177.8,61.23,177.8,4
Cameron Saaiman,172.72,61.23,170.18,3
Billy Quarantillo,177.8,65.77,177.8,1
Youssef Zalal,177.8,65.77,182.88,4
Fernando Padilla,185.42,65.77,193.04,1
Luis Pajuelo,177.8,65.77,175.26,1
Kurt Holobaugh,180.34,70.31,177.8,1
Trey Ogden,180.34,70.31,182.88,1
Ricardo Ramos,175.26,65.77,182.88,1
Julian Erosa,185.42,65.77,187.96,3
Miles Johns,170.18,61.23,167.64,1
Cody Gibson,177.8,61.23,180.34,1
Jarno Errens,180.34,65.77,185.42,1
Steven Nguyen,180.34,65.77,185.42,4
Montserrat Rendon,172.72,61.23,172.72,1
Daria Zhelezniakova,175.26,61.23,172.72,1
Igor Severino,170.18,56.7,175.26,1
Andre Lima,170.18,56.7,170.18,1
Mohammed Usman,187.96,108.41,200.66,1
Mick Parkin,193.04,120.2,200.66,1
Tai Tuivasa,187.96,119.75,190.5,3
Marcin Tybura,190.5,112.94,198.12,1
Ovince Saint Preux,190.5,92.99,203.2,3
Kennedy Nzechukwu,195.58,92.99,210.82,3
Christian Rodriguez,170.18,65.77,180.34,1
Isaac Dulgarian,170.18,65.77,180.34,1
Pannie Kianzad,170.18,61.23,167.64,1
Macy Chiasson,180.34,61.23,182.88,1
Gerald Meerschaert,185.42,83.91,195.58,3
Bryan Barberena,182.88,83.91,182.88,3
Natan Levy,175.26,70.31,180.34,3
Mike Davis,182.88,70.31,182.88,1
Josiane Nunes,157.48,61.23,170.18,3
Chelsea Chandler,172.72,61.23,172.72,3
Jafel Filho,170.18,56.7,172.72,1
Ode Osbourne,170.18,56.7,185.42,3
Josh Culibao,177.8,65.77,185.42,1
Danny Silva,180.34,65.77,177.8,4
Jaqueline Amorim,160.02,52.16,172.72,1
Cory McKenna,160.02,52.16,147.32,1
Thiago Moises,175.26,70.31,177.8,1
Mitch Ramirez,180.34,70.31,180.34,1
Charalampos Grigoriou,170.18,61.23,170.18,1
Chad Anheliger,167.64,61.23,162.56,1
Sean O'Malley,180.34,61.23,182.88,4
Marlon Vera,172.72,61.23,177.8,4
Dustin Poirier,175.26,70.31,182.88,3
Benoit Saint Denis,180.34,70.31,185.42,3
Kevin Holland,190.5,77.11,205.74,1
Michael Page,190.5,77.11,200.66,4
Gilbert Burns,177.8,77.11,180.34,1
Jack Della Maddalena,180.34,77.11,185.42,4
Petr Yan,170.18,61.23,170.18,4
Song Yadong,172.72,61.23,170.18,1
Curtis Blaydes,193.04,120.2,203.2,1
Jailton Almeida,190.5,92.99,200.66,1
Katlyn Cerminara,175.26,56.7,172.72,1
Maycee Barber,165.1,56.7,165.1,4
Mateusz Gamrot,177.8,70.31,177.8,3
Rafael Dos Anjos,172.72,70.31,177.8,3
Pedro Munhoz,167.64,61.23,165.1,1
Kyler Phillips,172.72,61.23,182.88,1
Ion Cutelaba,185.42,92.99,190.5,3
Philipe Lins,187.96,92.99,198.12,1
Michel Pereira,185.42,83.91,185.42,1
Michal Oleksiejczuk,182.88,83.91,187.96,3
Robelis Despaigne,200.66,120.2,213.36,1
Josh Parisian,193.04,120.2,200.66,1
CJ Vergara,167.64,56.7,172.72,1
Asu Almabayev,162.56,56.7,165.1,1
Joanne Wood,167.64,56.7,165.1,1
Maryna Moroz,170.18,56.7,170.18,1
Jairzinho Rozenstruik,187.96,109.77,198.12,1
Shamil Gaziev,193.04,120.2,198.12,1
Vitor Petrino,187.96,92.99,195.58,1
Tyson Pedro,190.5,92.99,200.66,1
Alex Perez,167.64,56.7,165.1,1
Muhammad Mokaev,170.18,56.7,177.8,1
Umar Nurmagomedov,172.72,61.23,175.26,1
Bekzat Almakhan,170.18,61.23,172.72,1
Matt Schnell,172.72,56.7,177.8,1
Steve Erceg,172.72,56.7,172.72,1
Eryk Anders,185.42,83.91,190.5,3
Jamie Pickett,187.96,83.91,203.2,1
Vinicius Oliveira,175.26,61.23,177.8,4
Benardo Sopaj,167.64,61.23,167.64,1
Aiemann Zahabi,172.72,61.23,172.72,1
Javid Basharat,175.26,61.23,175.26,1
Christian Leroy Duncan,187.96,83.91,200.66,4
Claudio Ribeiro,185.42,83.91,195.58,1
Ludovit Klein,170.18,70.31,182.88,3
AJ Cunningham,177.8,70.31,180.34,1
Abdul-Kareem Al-Selwady,172.72,70.31,175.26,1
Loik Radzhabov,180.34,70.31,175.26,1
Brandon Moreno,170.18,56.7,177.8,1
Brandon Royval,175.26,56.7,172.72,3
Yair Rodriguez,180.34,65.77,180.34,1
Brian Ortega,172.72,65.77,175.26,4
Daniel Zellhuber,185.42,70.31,195.58,4
Francisco Prado,177.8,70.31,175.26,1
Yazmin Jauregui,160.02,52.16,162.56,1
Sam Hughes,165.1,52.16,162.56,1
Manuel Torres,177.8,70.31,185.42,4
Chris Duncan,177.8,70.31,180.34,1
Cristian Quinonez,172.72,61.23,177.8,1
Raoni Barcelos,170.18,61.23,170.18,1
Jesus Aguilar,162.56,56.7,157.48,1
Mateus Mendonca,167.64,56.7,180.34,1
Edgar Chairez,170.18,56.7,180.34,1
Daniel Lacerda,167.64,56.7,177.8,4
Claudio Puelles,177.8,70.31,182.88,3
Fares Ziam,185.42,70.31,190.5,1
Ronaldo Rodriguez,167.64,56.7,165.1,1
Denys Bondar,167.64,56.7,175.26,1
Victor Altamirano,172.72,56.7,177.8,4
Felipe dos Santos,170.18,56.7,177.8,1
Erik Silva,175.26,65.77,180.34,1
Muhammad Naimov,175.26,65.77,177.8,1
Alexander Volkanovski,167.64,65.77,180.34,1
Ilia Topuria,170.18,65.77,175.26,1
Robert Whittaker,182.88,83.91,185.42,1
Paulo Costa,185.42,83.91,182.88,1
Geoff Neal,180.34,77.11,190.5,3
Ian Machado Garry,190.5,77.11,187.96,1
Merab Dvalishvili,167.64,61.23,172.72,1
Henry Cejudo,162.56,61.23,162.56,1
Anthony Hernandez,182.88,83.91,190.5,1
Roman Kopylov,182.88,83.91,190.5,3
Amanda Lemos,162.56,52.16,165.1,3
Mackenzie Dern,162.56,52.16,160.02,1
Marcos Rogerio de Lima,185.42,114.76,190.5,1
Junior Tafa,190.5,108.86,190.5,1
Rinya Nakamura,170.18,61.23,172.72,3
Carlos Vera,167.64,61.23,175.26,1
Zhang Mingyang,187.96,92.99,190.5,1
Brendson Ribeiro,190.5,92.99,205.74,1
Josh Quinlan,182.88,77.11,182.88,1
Danny Barlow,187.96,77.11,200.66,3
Oban Elliott,182.88,77.11,182.88,1
Val Woodburn,172.72,77.11,187.96,1
Andrea Lee,167.64,56.7,175.26,1
Miranda Maverick,160.02,56.7,165.1,3
Jack Hermansson,185.42,83.91,195.58,1
Joe Pyfer,187.96,83.91,190.5,1
Dan Ige,170.18,65.77,180.34,1
Andre Fili,180.34,65.77,187.96,1
Robert Bryczek,182.88,83.91,190.5,1
Ihor Potieria,190.5,83.91,190.5,3
Brad Tavares,185.42,83.91,187.96,1
Gregory Rodrigues,190.5,83.91,190.5,1
Michael Johnson,177.8,70.31,185.42,3
Darrius Flowers,175.26,70.31,180.34,1
Rodolfo Vieira,182.88,83.91,185.42,1
Armen Petrosyan,190.5,83.91,180.34,1
Trevin Giles,182.88,77.11,187.96,1
Carlos Prates,185.42,77.11,198.12,4
Bolaji Oki,177.8,70.31,185.42,1
Timmy Cuamba,175.26,70.31,180.34,1
Loma Lookboonmee,154.94,52.16,154.94,1
Bruna Brasil,167.64,52.16,165.1,1
Devin Clark,182.88,92.99,190.5,1
Marcin Prachnio,190.5,92.99,187.96,1
Max Griffin,180.34,77.11,193.04,1
Jeremiah Wells,175.26,77.11,187.96,4
Zac Pauga,187.96,92.99,193.04,1
Bogdan Guskov,190.5,92.99,193.04,1
Fernie Garcia,170.18,61.23,170.18,1
Hyder Amil,175.26,65.77,177.8,4
Roman Dolidze,187.96,83.91,193.04,1
Nassourdine Imavov,190.5,83.91,190.5,1
Renato Moicano,180.34,70.31,182.88,1
Drew Dober,172.72,70.31,177.8,3
Randy Brown,190.5,77.11,198.12,1
Muslim Salikhov,180.34,77.11,177.8,1
Viviane Araujo,162.56,56.7,172.72,1
Natalia Silva,162.56,56.7,165.1,3
Gilbert Urbina,190.5,77.11,190.5,1
Charles Radtke,175.26,77.11,182.88,1
Molly McCann,162.56,52.16,157.48,1
Diana Belbita,170.18,52.16,172.72,1
Azat Maksum,170.18,56.7,177.8,3
Charles Johnson,175.26,56.7,177.8,4
Themba Gorimbo,185.42,77.11,195.58,1
Pete Rodriguez,175.26,77.11,180.34,4
JeongYeong Lee,177.8,65.77,185.42,1
Blake Bilder,172.72,65.77,172.72,4
Luana Carolina,167.64,56.7,175.26,1
Julija Stoliarenko,170.18,56.7,167.64,1
Landon Quinones,175.26,70.31,177.8,3
MarQuel Mederos,177.8,70.31,175.26,1
Thomas Petersen,185.42,119.75,187.96,3
Jamal Pogues,190.5,92.99,195.58,1
Sean Strickland,185.42,83.91,193.04,1
Dricus Du Plessis,185.42,83.91,193.04,4
Raquel Pennington,170.18,61.23,170.18,1
Mayra Bueno Silva,167.64,61.23,167.64,1
Neil Magny,190.5,77.11,203.2,1
Mike Malott,185.42,77.11,185.42,1
Chris Curtis,177.8,83.91,190.5,1
Marc-Andre Barriault,185.42,83.91,187.96,1
Arnold Allen,172.72,65.77,177.8,3
Movsar Evloev,170.18,65.77,182.88,1
Brad Katona,167.64,61.23,162.56,1
Garrett Armfield,167.64,61.23,177.8,1
Charles Jourdain,175.26,65.77,175.26,4
Sean Woodson,187.96,65.77,198.12,1
Serhiy Sidey,180.34,61.23,182.88,4
Ramon Taveras,172.72,61.23,177.8,3
Gillian Robertson,165.1,52.16,160.02,1
Polyana Viana,165.1,52.16,170.18,1
Yohan Lainesse,185.42,77.11,193.04,1
Sam Patterson,190.5,70.31,198.12,1
Jasmine Jasudavicius,170.18,56.7,172.72,1
Priscila Cachoeira,170.18,56.7,165.1,1
Malcolm Gordon,170.18,56.7,180.34,4
Jimmy Flick,170.18,56.7,172.72,1
Magomed Ankalaev,190.5,92.99,190.5,1
Johnny Walker,198.12,92.99,208.28,1
Jim Miller,172.72,70.31,180.34,3
Gabriel Benitez,172.72,70.31,180.34,3
Ricky Simon,167.64,61.23,175.26,1
Mario Bautista,175.26,61.23,175.26,4
Phil Hawes,182.88,83.91,195.58,1
Brunno Ferreira,177.8,83.91,182.88,1
Andrei Arlovski,190.5,108.86,195.58,1
Waldo Cortes-Acosta,193.04,117.93,198.12,1
Matthew Semelsberger,185.42,77.11,190.5,4
Preston Parsons,180.34,77.11,180.34,1
Marcus McGhee,172.72,61.23,175.26,1
Gaston Bolanos,170.18,61.23,175.26,1
Farid Basharat,172.72,61.23,180.34,1
Taylor Lapilus,167.64,61.23,185.42,3
Westin Wilson,185.42,65.77,185.42,3
Jean Silva,170.18,65.77,175.26,1
Nikolas Motta,175.26,70.31,177.8,1
Tom Nolan,190.5,70.31,185.42,3
Joshua Van,165.1,56.7,165.1,1
Felipe Bunes,170.18,56.7,175.26,1
Leon Edwards,187.96,77.11,187.96,3
Colby Covington,180.34,77.11,182.88,1
Alexandre Pantoja,165.1,56.7,170.18,1
Shavkat Rakhmonov,185.42,77.11,195.58,1
Stephen Thompson,182.88,77.11,190.5,1
Tony Ferguson,180.34,70.31,193.04,1
Paddy Pimblett,177.8,70.31,185.42,1
Josh Emmett,167.64,65.77,177.8,1
Bryce Mitchell,177.8,65.77,177.8,3
Alonzo Menifield,182.88,92.99,193.04,1
Dustin Jacoby,190.5,92.99,193.04,1
Irene Aldana,175.26,61.23,172.72,1
Karol Rosa,165.1,61.23,170.18,1
Cody Garbrandt,172.72,61.23,165.1,1
Brian Kelleher,167.64,61.23,167.64,4
Casey O'Neill,167.64,56.7,175.26,1
Ariane Lipski,167.64,56.7,170.18,1
Tagir Ulanbekov,170.18,56.7,177.8,3
Cody Durden,170.18,56.7,170.18,3
Lucas Almeida,180.34,65.77,180.34,1
Martin Buday,193.04,120.2,195.58,1
Chris Gutierrez,175.26,61.23,170.18,1
Anthony Smith,193.04,92.99,193.04,1
Khalil Rountree Jr.,185.42,92.99,193.04,3
Nasrat Haqparast,177.8,70.31,182.88,3
Jamie Mullarkey,182.88,70.31,187.96,1
Tim Elliott,170.18,56.7,167.64,3
Sumudaerji,172.72,56.7,182.88,3
JunYong Park,177.8,83.91,185.42,1
Andre Muniz,185.42,83.91,198.12,3
Song Kenan,182.88,77.11,180.34,1
Kevin Jousset,187.96,77.11,190.5,1
HyunSung Park,170.18,56.7,167.64,1
Shannon Ross,167.64,56.7,167.64,4
Steve Garcia,182.88,70.31,190.5,3
Melquizael Costa,177.8,70.31,180.34,3
Luana Santos,167.64,61.23,170.18,1
Stephanie Egger,167.64,61.23,172.72,1
Tatsuro Taira,170.18,56.7,177.8,1
Carlos Hernandez,172.72,56.7,170.18,1
Rayanne Amanda,157.48,52.16,157.48,1
Talita Alencar,154.94,52.16,147.32,1
Beneil Dariush,177.8,70.31,182.88,3
Arman Tsarukyan,170.18,70.31,182.88,1
Jalin Turner,190.5,70.31,195.58,3
Bobby Green,177.8,70.31,180.34,1
Rob Font,172.72,61.23,180.34,1
Deiveson Figueiredo,165.1,61.23,172.72,1
Sean Brady,177.8,77.11,182.88,1
Kelvin Gastelum,175.26,77.11,180.34,3
Clay Guida,170.18,70.31,177.8,1
Joaquim Silva,172.72,70.31,175.26,3
Punahele Soriano,180.34,83.91,182.88,3
Dustin Stoltzfus,182.88,83.91,190.5,1
Miesha Tate,167.64,61.23,165.1,1
Julia Avila,170.18,61.23,172.72,1
Zach Reese,193.04,83.91,195.58,4
Cody Brundage,182.88,83.91,182.88,1
Drakkar Klose,175.26,70.31,177.8,1
Joe Solecki,175.26,70.31,177.8,1
Rodolfo Bellato,190.5,92.99,195.58,1
Wellington Turman,182.88,77.11,182.88,1
Jared Gooden,182.88,77.11,195.58,1
Veronica Hardy,162.56,56.7,162.56,3
Jamey-Lyn Horth,170.18,56.7,167.64,1
Brendan Allen,187.96,83.91,190.5,1
Paul Craig,190.5,83.91,193.04,1
Michael Morales,182.88,77.11,200.66,1
Jake Matthews,180.34,77.11,185.42,1
Chase Hooper,185.42,70.31,187.96,3
Jordan Leavitt,175.26,70.31,180.34,3
Nick Aguirre,175.26,61.23,187.96,3
Luana Pinheiro,157.48,52.16,157.48,1
Uros Medic,185.42,77.11,180.34,3
Myktybek Orolbai,177.8,70.31,187.96,1
Jonathan Pearce,182.88,65.77,180.34,4
Joanderson Brito,172.72,65.77,182.88,1
Jose Johnson,182.88,56.7,180.34,1
Denis Tiuliulin,185.42,83.91,195.58,1
Caio Machado,193.04,113.4,198.12,3
Jeka Saragih,172.72,65.77,175.26,1
Lucas Alexander,180.34,65.77,185.42,1
Lucie Pudilova,172.72,61.23,170.18,1
Ailin Perez,165.1,61.23,167.64,4
Rafael Estevam,172.72,56.7,175.26,1
Jiri Prochazka,190.5,92.99,203.2,1
Alex Pereira,193.04,92.99,200.66,1
Sergei Pavlovich,190.5,116.57,213.36,3
Tom Aspinall,195.58,116.12,198.12,1
Jessica Andrade,154.94,52.16,157.48,1
Matt Frevola,175.26,70.31,180.34,1
Diego Lopes,180.34,65.77,182.88,1
Pat Sabatini,172.72,65.77,177.8,1
Alessandro Costa,162.56,56.7,170.18,1
Tabatha Ricci,154.94,52.16,154.94,1
Loopy Godinez,157.48,52.16,154.94,1
Mateusz Rebecki,170.18,70.31,167.64,3
Roosevelt Roberts,187.96,70.31,185.42,1
Jared Gordon,175.26,70.31,172.72,1
Mark Madsen,172.72,70.31,182.88,1
John Castaneda,167.64,61.23,180.34,4
Kyung Ho Kang,175.26,61.23,185.42,1
Kevin Borjas,165.1,56.7,172.72,1
Dennis Buzukja,175.26,65.77,177.8,4
Jamall Emmers,177.8,65.77,187.96,1
Derrick Lewis,190.5,117.93,200.66,1
Gabriel Bonfim,185.42,77.11,182.88,1
Nicolas Dalby,180.34,77.11,187.96,1
Rodrigo Nascimento,187.96,111.58,203.2,1
Don'Tale Mayes,198.12,117.93,205.74,1
Caio Borralho,177.8,83.91,190.5,3
Abus Magomedov,187.96,83.91,198.12,1
Elves Brener,177.8,70.31,182.88,1
Kaynan Kruschewsky,182.88,70.31,185.42,1
Modestas Bukauskas,190.5,92.99,198.12,4
Angela Hill,160.02,52.16,162.56,1
Denise Gomes,157.48,52.16,160.02,1
Eduarda Moura,167.64,52.16,167.64,1
Montserrat Conejo Ruiz,152.4,52.16,154.94,3
Kaue Fernandes,175.26,70.31,185.42,1
Marc Diakiese,177.8,70.31,185.42,1
Islam Makhachev,177.8,70.31,177.8,3
Kamaru Usman,182.88,77.11,193.04,4
Khamzat Chimaev,187.96,83.91,190.5,1
Ikram Aliskerov,182.88,83.91,193.04,3
Warlley Alves,180.34,83.91,182.88,1
Said Nurmagomedov,172.72,61.23,177.8,1
Muin Gafurov,170.18,61.23,172.72,3
Mohammad Yahya,175.26,65.77,185.42,4
Trevor Peek,175.26,70.31,177.8,4
Abu Azaitar,175.26,83.91,193.04,1
Sedriques Dumas,187.96,83.91,200.66,1
Mike Breeden,177.8,70.31,177.8,1
Anshul Jubli,182.88,70.31,175.26,4
Nathaniel Wood,167.64,65.77,175.26,1
Viktoriia Dudakova,165.1,56.7,170.18,1
Jinh Yu Frey,160.02,52.16,165.1,3
Shara Magomedov,187.96,83.91,185.42,1
Bruno Silva,182.88,83.91,187.96,1
Sodiq Yusuff,175.26,65.77,180.34,1
Edson Barboza,180.34,65.77,190.5,1
Jennifer Maia,162.56,56.7,162.56,1
Jonathan Martinez,172.72,61.23,177.8,3
Adrian Yanez,170.18,61.23,177.8,1
Andre Petroski,182.88,83.91,185.42,4
Darren Elkins,177.8,65.77,180.34,1
TJ Brown,175.26,65.77,182.88,4
Tainara Lisboa,170.18,61.23,170.18,1
Ravena Oliveira,165.1,61.23,165.1,1
Terrance McKinney,177.8,70.31,185.42,4
Brendon Marotte,175.26,65.77,177.8,1
Irina Alekseeva,172.72,61.23,170.18,1
Melissa Dixon,170.18,61.23,172.72,1
Alatengheili,165.1,61.23,167.64,1
Ashley Yoder,170.18,52.16,175.26,3
Emily Ducote,157.48,52.16,160.02,1
Grant Dawson,177.8,70.31,182.88,4
Abdul Razak Alhassan,177.8,83.91,185.42,1
Alex Morono,180.34,77.11,182.88,1
Joaquin Buckley,177.8,77.11,193.04,3
Ricky Glenn,182.88,70.31,177.8,3
Alexander Hernandez,175.26,65.77,182.88,1
Bill Algeo,182.88,65.77,185.42,4
Karolina Kowalkiewicz,160.02,52.16,162.56,1
Nate Maness,177.8,56.7,182.88,1
Vanessa Demopoulos,157.48,52.16,149.86,1
Kanako Murata,154.94,52.16,157.48,1
Aoriqileng,170.18,61.23,175.26,1
Johnny Munoz,175.26,61.23,180.34,1
Montana De La Rosa,170.18,56.7,172.72,1
JJ Aldrich,165.1,56.7,170.18,3
Rafael Fiziev,172.72,70.31,180.34,4
Marina Rodriguez,167.64,52.16,165.1,1
Michelle Waterson-Gomez,160.02,52.16,157.48,1
Bryan Battle,185.42,77.11,195.58,1
AJ Fletcher,177.8,77.11,170.18,4
Tim Means,187.96,77.11,190.5,1
Andre Fialho,182.88,77.11,187.96,1
Jacob Malkoun,175.26,83.91,185.42,1
Jake Collier,190.5,104.33,198.12,1
Mizuki,160.02,52.16,165.1,1
Hannah Goldy,162.56,52.16,154.94,1
Tamires Vidal,167.64,61.23,172.72,1
Raul Rosas Jr.,175.26,61.23,170.18,4
Terrence Mitchell,177.8,61.23,187.96,1
Christos Giagos,177.8,70.31,180.34,1
Kyle Nelson,180.34,65.77,180.34,4
Elise Reed,160.02,52.16,160.02,1
Josh Fremd,193.04,83.91,193.04,1
Tracy Cortez,165.1,56.7,165.1,1
Alex Reyes,180.34,70.31,185.42,1
Charlie Campbell,182.88,70.31,182.88,1
Josefine Knutsson,160.02,52.16,152.4,1
Marnic Mann,152.4,52.16,162.56,3
Israel Adesanya,193.04,83.91,203.2,4
Alexander Volkov,200.66,113.4,203.2,1
Manel Kape,165.1,56.7,172.72,3
Austen Lane,198.12,111.13,203.2,1
Anton Turkalj,193.04,92.99,198.12,1
Carlos Ulberg,193.04,92.99,195.58,1
Da Woon Jung,193.04,92.99,198.12,1
Jack Jenkins,170.18,65.77,172.72,4
Chepe Mariscal,170.18,65.77,175.26,1
John Makdessi,172.72,70.31,172.72,1
Blood Diamond,180.34,77.11,193.04,4
Shane Young,172.72,65.77,182.88,1
Gabriel Miranda,180.34,65.77,180.34,1
Kiefer Crosbie,180.34,77.11,177.8,4
Ciryl Gane,193.04,111.13,205.74,1
Serghei Spivac,190.5,117.93,198.12,1
Manon Fiorot,170.18,56.7,165.1,1
Volkan Oezdemir,187.96,92.99,190.5,1
William Gomis,182.88,65.77,185.42,3
Yanis Ghemmouri,175.26,61.23,175.26,1
Morgan Charriere,172.72,65.77,175.26,1
Manolo Zecchini,172.72,65.77,172.72,1
Caolan Loughran,167.64,61.23,172.72,1
Ange Loosa,177.8,77.11,187.96,1
Rhys McKee,187.96,77.11,198.12,1
Nora Cornolle,170.18,61.23,170.18,1
Joselyne Edwards,172.72,61.23,177.8,1
Kleydson Rodrigues,165.1,61.23,170.18,1
Zarah Fairn,172.72,61.23,182.88,1
Jacqueline Cavalcanti,172.72,61.23,177.8,1
Max Holloway,180.34,65.77,175.26,1
Chan Sung Jung,170.18,65.77,182.88,1
Ryan Spann,195.58,92.99,200.66,1
Giga Chikadze,182.88,65.77,187.96,1
Alex Caceres,177.8,65.77,185.42,3
Erin Blanchfield,162.56,56.7,167.64,1
Taila Santos,167.64,56.7,172.72,1
Parker Porter,182.88,120.2,190.5,1
Lukasz Brzeski,193.04,107.05,198.12,1
Toshiomi Kazama,170.18,61.23,175.26,1
Chidi Njokuani,190.5,77.11,203.2,1
Rolando Bedoya,180.34,77.11,187.96,1
Billy Goff,177.8,77.11,182.88,4
Yusaku Kinoshita,182.88,77.11,180.34,3
Liang Na,165.1,56.7,170.18,1
SeungWoo Choi,182.88,65.77,187.96,1
Aljamain Sterling,170.18,65.77,180.34,1
Zhang Weili,162.56,52.16,160.02,4
Da'Mon Blackshear,177.8,61.23,182.88,4
Chris Weidman,187.96,83.91,198.12,1
Austin Hubbard,177.8,70.31,180.34,1
Karine Silva,165.1,56.7,170.18,1
Vicente Luque,180.34,77.11,190.5,1
Cub Swanson,172.72,65.77,177.8,1
Hakeem Dawodu,172.72,65.77,185.42,1
Chris Daukaus,190.5,92.99,193.04,1
Iasmin Lucindo,160.02,52.16,167.64,1
Tafon Nchukwi,182.88,83.91,195.58,1
JP Buys,165.1,61.23,170.18,1
Francis Marshall,175.26,65.77,182.88,1
Juliana Miller,170.18,56.7,167.64,1
Cory Sandhagen,180.34,61.23,177.8,4
Tatiana Suarez,165.1,52.16,167.64,3
Gavin Tucker,167.64,65.77,167.64,3
Tanner Boser,187.96,92.99,190.5,1
Aleksa Camur,185.42,92.99,187.96,1
Ignacio Bahamondes,190.5,70.31,190.5,1
Carlston Harris,182.88,77.11,193.04,1
Damon Jackson,180.34,65.77,180.34,4
Jake Hadley,170.18,56.7,177.8,3
Justin Gaethje,180.34,70.31,177.8,1
Jan Blachowicz,187.96,92.99,198.12,1
Michael Chiesa,185.42,77.11,190.5,3
Vinicius Salvador,170.18,56.7,177.8,3
Jai Herbert,185.42,70.31,195.58,1
Lerone Murphy,175.26,65.77,185.42,1
Davey Grant,172.72,61.23,175.26,1
Daniel Marcos,170.18,61.23,175.26,1
Danny Roberts,185.42,77.11,187.96,3
Jonny Parsons,175.26,77.11,175.26,1
Joel Alvarez,190.5,70.31,195.58,1
Makhmud Muradov,187.96,83.91,190.5,1
Ketlen Vieira,172.72,61.23,172.72,1
Yanal Ashmouz,175.26,70.31,172.72,1
Shauna Bannon,165.1,52.16,165.1,4
Daniel Barez,167.64,56.7,167.64,1
Bassil Hafez,180.34,77.11,182.88,1
Ottman Azaitar,172.72,70.31,180.34,4
Albert Duraev,180.34,83.91,190.5,1
Norma Dumont,170.18,61.23,170.18,1
Nazim Sadykhov,177.8,70.31,175.26,3
Tucker Lutz,172.72,65.77,182.88,1
Melsik Baghdasaryan,175.26,65.77,177.8,3
Istela Nunes,162.56,52.16,167.64,1
Austin Lingo,177.8,65.77,177.8,1
Evan Elder,177.8,70.31,182.88,4
Genaro Valdez,175.26,70.31,182.88,1
Tyson Nam,170.18,56.7,172.72,1
Alexander Munoz,175.26,70.31,182.88,4
Carl Deaton,170.18,70.31,175.26,1
Ashlee Evans-Smith,172.72,61.23,170.18,1
Dan Hooker,182.88,70.31,190.5,4
Bo Nickal,185.42,83.91,193.04,3
Robbie Lawler,180.34,77.11,187.96,3
Niko Price,182.88,77.11,193.04,1
Jimmy Crute,187.96,92.99,187.96,1
Kamuela Kirk,177.8,70.31,190.5,4
Esteban Ribovics,177.8,70.31,175.26,1
Damir Ismagulov,177.8,70.31,187.96,1
Melissa Gatto,165.1,56.7,175.26,1
Ismael Bonfim,172.72,70.31,180.34,1
Nursulton Ruziboev,195.58,83.91,193.04,1
Kevin Lee,175.26,77.11,195.58,1
Rinat Fakhretdinov,182.88,77.11,187.96,1
Yana Santos,167.64,61.23,172.72,1
Guram Kutateladze,180.34,70.31,182.88,1
Ivana Petrovic,172.72,56.7,177.8,3
Alexandr Romanov,187.96,118.84,190.5,3
Blagoy Ivanov,180.34,113.4,185.42,3
David Onama,180.34,65.77,187.96,1
Gabriel Santos,175.26,65.77,177.8,1
Phil Rowe,190.5,77.11,203.2,1
Zhalgas Zhumagulov,162.56,56.7,167.64,4
Marvin Vettori,182.88,83.91,187.96,3
Jared Cannonier,180.34,83.91,195.58,4
Tereza Bleda,175.26,56.7,180.34,1
Gabriella Fernandes,167.64,56.7,167.64,3
Amanda Nunes,172.72,61.23,175.26,1
Charles Oliveira,177.8,70.31,187.96,1
Adam Fugitt,185.42,77.11,195.58,3
Nate Landwehr,175.26,65.77,182.88,1
David Dvorak,165.1,56.7,172.72,1
Maria Oliveira,167.64,52.16,175.26,1
Kai Kara-France,162.56,56.7,175.26,1
Amir Albazi,165.1,56.7,172.72,1
Daniel Pineda,170.18,65.77,175.26,1
Jesse Butler,177.8,65.77,185.42,1
Ketlen Souza,160.02,52.16,160.02,1
Abubakar Nurmagomedov,180.34,77.11,182.88,1
Elizeu Zaleski dos Santos,180.34,77.11,185.42,1
Daniel Santos,170.18,61.23,170.18,1
Luan Lacerda,170.18,61.23,180.34,1
Maxim Grishin,190.5,92.99,198.12,1
Diego Ferreira,175.26,70.31,187.96,1
Maheshate,182.88,70.31,180.34,1
Viacheslav Borshchev,180.34,70.31,175.26,1
Orion Cosce,180.34,77.11,180.34,4
Ilir Latifi,177.8,104.33,185.42,1
Nick Fiore,177.8,70.31,182.88,1
Victoria Leonardo,165.1,56.7,162.56,1
Takashi Sato,177.8,77.11,185.42,3
Daniel Rodriguez,185.42,77.11,187.96,3
Matt Brown,182.88,77.11,190.5,1
Court McGee,180.34,77.11,190.5,1
Chase Sherman,193.04,113.4,198.12,1
Cody Stamann,167.64,61.23,162.56,1
Douglas Silva de Andrade,170.18,61.23,172.72,1
Ji Yeon Kim,170.18,56.7,182.88,1
Mandy Bohm,170.18,56.7,180.34,1
Gabe Green,177.8,70.31,185.42,4
Jessica-Rose Clark,165.1,61.23,162.56,1
Belal Muhammad,180.34,77.11,182.88,1
Yan Xiaonan,165.1,52.16,160.02,1
Kron Gracie,175.26,65.77,177.8,3
Khaos Williams,182.88,77.11,195.58,1
Virna Jandiroba,160.02,52.16,162.56,1
Braxton Smith,180.34,116.57,182.88,1
Joseph Holmes,193.04,83.91,203.2,1
Trey Waters,195.58,77.11,195.58,1
Journey Newson,165.1,61.23,170.18,1
Hailey Cowan,172.72,61.23,170.18,3
Brogan Walker,162.56,56.7,170.18,4
Rani Yahya,167.64,61.23,170.18,1
Montel Jackson,177.8,61.23,190.5,3
Brady Hiestand,172.72,61.23,180.34,1
Batgerel Danaa,170.18,61.23,177.8,1
Azamat Murzakanov,177.8,92.99,180.34,3
Rafa Garcia,170.18,70.31,177.8,1
Matheus Nicolau,167.64,56.7,167.64,1
Zak Cummings,182.88,92.99,190.5,3
Ed Herman,185.42,92.99,195.58,1
Piera Rodriguez,160.02,52.16,160.02,1
Lando Vannata,175.26,70.31,180.34,1
Aaron Phillips,175.26,61.23,180.34,3
Jorge Masvidal,180.34,77.11,187.96,1
Santiago Ponzinibbio,182.88,77.11,185.42,1
Cynthia Calvillo,162.56,52.16,162.56,1
Shayilan Nuerdanbieke,172.72,65.77,175.26,1
Holly Holm,172.72,61.23,175.26,3
Steven Peterson,177.8,65.77,177.8,1
Gunnar Nelson,180.34,77.11,182.88,4
Jack Shore,172.72,65.77,180.34,1
Makwan Amirkhani,177.8,65.77,182.88,3
Omar Morales,180.34,70.31,185.42,1
Dusko Todorovic,185.42,83.91,187.96,1
Nikita Krylov,190.5,92.99,195.58,1
Guido Cannetti,167.64,61.23,172.72,3
Raphael Assuncao,165.1,61.23,167.64,1
Victor Henry,170.18,61.23,172.72,4
Tony Gravely,165.1,61.23,175.26,1
Bruno Silva,162.56,56.7,165.1,1
Jon Jones,193.04,112.49,213.36,1
Valentina Shevchenko,165.1,56.7,167.64,3
Alexa Grasso,165.1,56.7,167.64,1
Trevin Jones,170.18,61.23,177.8,3
Derek Brunson,185.42,83.91,195.58,3
Julian Marquez,187.96,83.91,182.88,1
Mana Martinez,177.8,61.23,177.8,1
Jessica Penne,165.1,52.16,170.18,1
Augusto Sakai,190.5,120.2,195.58,1
Erick Gonzalez,180.34,70.31,190.5,1
Victor Martinez,172.72,70.31,177.8,1
Rafael Alves,172.72,70.31,172.72,1
Nurullo Aliev,177.8,70.31,182.88,1
Jordan Wright,187.96,92.99,195.58,1
William Knight,177.8,92.99,185.42,1
Lina Lansberg,170.18,61.23,165.1,1
Khusein Askhabov,172.72,65.77,175.26,1
Clayton Carpenter,167.64,56.7,167.64,1
Juancamilo Ronderos,160.02,56.7,162.56,3
Don Shainis,167.64,65.77,170.18,1
Zubaira Tukhugov,172.72,70.31,172.72,1
Yizha,170.18,65.77,180.34,1
SeungGuk Choi,167.64,56.7,162.56,1
Glover Teixeira,187.96,92.99,193.04,1
Jamahal Hill,193.04,92.99,200.66,3
Lauren Murphy,165.1,56.7,170.18,1
Mauricio Rua,185.42,92.99,193.04,1
Mounir Lazzez,185.42,77.11,193.04,1
Shamil Abdurakhimov,190.5,106.59,193.04,1
Saimon Oliveira,162.56,61.23,182.88,1
Allan Nascimento,172.72,56.7,175.26,1
Dan Argueta,170.18,61.23,172.72,3
Cheyanne Vlismas,160.02,52.16,160.02,4
Saidyokub Kakhramonov,172.72,61.23,175.26,1
Sergey Morozov,167.64,61.23,170.18,1
Darren Till,182.88,83.91,187.96,3
Jay Perrin,170.18,61.23,170.18,4
Dalcha Lungiambula,172.72,83.91,193.04,1
Steven Koslow,170.18,56.7,175.26,4
Kyle Daukaus,190.5,83.91,193.04,3
Scott Holtzman,175.26,70.31,175.26,1
Marcelo Rojo,172.72,65.77,180.34,1
Vince Morales,175.26,61.23,177.8,1
Ricky Turcios,175.26,61.23,180.34,1
Kevin Natividad,167.64,61.23,177.8,1
Carla Esparza,154.94,52.16,160.02,1
Michael Chandler,172.72,70.31,180.34,1
Frankie Edgar,167.64,61.23,172.72,1
Brad Riddell,170.18,70.31,180.34,1
Dominick Reyes,193.04,92.99,195.58,3
Silvana Gomez Juarez,160.02,52.16,165.1,1
Michael Trizano,180.34,65.77,180.34,1
Julio Arce,170.18,65.77,177.8,3
Nicolae Negumereanu,182.88,92.99,198.12,1
Darrick Minner,170.18,65.77,175.26,1
Shanna Young,170.18,56.7,165.1,1
Benito Lopez,177.8,61.23,185.42,4
Liudvik Sholinian,177.8,61.23,180.34,1
Carlos Candelario,172.72,56.7,172.72,3
Ramona Pascual,170.18,61.23,167.64,3
Calvin Kattar,180.34,65.77,182.88,1
Jared Vanderaa,193.04,120.2,203.2,1
Tresean Gore,182.88,83.91,190.5,4
Carlos Mota,162.56,56.7,175.26,1
Joshua Weems,172.72,61.23,175.26,1
TJ Dillashaw,167.64,61.23,170.18,1
Gadzhi Omargadzhiev,185.42,77.11,180.34,4
Misha Cirkunov,190.5,92.99,195.58,1
Brandon Davis,177.8,61.23,182.88,1
Nick Maximov,182.88,83.91,193.04,3
Mike Jackson,187.96,77.11,187.96,1
Francisco Trinaldo,175.26,77.11,177.8,3
Aleksei Oleinik,187.96,108.86,203.2,1
Jesse Ronson,177.8,70.31,177.8,3
Krzysztof Jotko,185.42,83.91,195.58,3
Randy Costa,175.26,61.23,185.42,4
Alen Amedovski,177.8,83.91,187.96,1
Louis Cosce,175.26,77.11,180.34,1
Mariya Agapova,167.64,56.7,172.72,3
Cameron VanCamp,187.96,70.31,187.96,4
Nate Diaz,182.88,77.11,193.04,3
Li Jingliang,182.88,77.11,180.34,1
Chris Barnett,175.26,120.2,190.5,1
Danyelle Wolf,180.34,65.77,177.8,1
Melissa Martinez,157.48,52.16,167.64,3
Darian Weeks,180.34,77.11,182.88,1
Alessio Di Chirico,182.88,83.91,187.96,1
Michal Figlak,177.8,70.31,177.8,1
Khalid Taha,165.1,61.23,175.26,1
Luke Rockhold,190.5,83.91,195.58,3
Jose Aldo,170.18,61.23,177.8,1
Wu Yanan,172.72,61.23,167.64,1
Harry Hunsucker,187.96,92.99,190.5,1
Leonardo Santos,182.88,70.31,190.5,1
Francisco Figueiredo,167.64,56.7,172.72,3
Dominick Cruz,172.72,61.23,172.72,1
Nina Nunes,165.1,56.7,162.56,1
Charlie Ontiveros,187.96,70.31,187.96,4
Jason Witt,177.8,77.11,177.8,1
Thiago Santos,187.96,92.99,193.04,1
Sam Alvey,187.96,83.91,190.5,3
Miranda Granger,170.18,52.16,172.72,1
Julianna Pena,167.64,61.23,175.26,1
Alexander Gustafsson,195.58,92.99,200.66,1
Mason Jones,177.8,70.31,187.96,1
Damir Hadzovic,175.26,70.31,177.8,1
Charles Rosa,175.26,65.77,175.26,4
Claudio Silva,180.34,77.11,180.34,3
Shane Burgos,180.34,65.77,190.5,1
Herbert Burns,175.26,65.77,185.42,1
Dwight Grant,185.42,83.91,193.04,4
Antonina Shevchenko,172.72,56.7,170.18,3
Cortney Casey,170.18,56.7,170.18,1
Karl Roberson,185.42,92.99,187.96,3
Ronnie Lawrence,172.72,61.23,172.72,4
Donald Cerrone,185.42,70.31,185.42,1
Uriah Hall,182.88,83.91,200.66,1
Jessica Eye,167.64,56.7,167.64,1
Alan Baudot,190.5,110.22,200.66,1
Raulian Paiva,172.72,61.23,175.26,1
Tony Kelley,175.26,61.23,177.8,4
Danny Chavez,172.72,65.77,170.18,1
Gloria de Paula,165.1,52.16,170.18,1
Eddie Wineland,170.18,61.23,175.26,1
Deron Winn,167.64,83.91,177.8,1
Joanna Jedrzejczyk,167.64,52.16,165.1,1
Ramazan Emeev,177.8,77.11,193.04,3
Poliana Botelho,172.72,56.7,170.18,1
Zarrukh Adashev,165.1,56.7,165.1,3
Askar Mozharov,190.5,92.99,187.96,1
Felice Herrig,162.56,52.16,165.1,1
Alex Da Silva,172.72,70.31,185.42,1
Niklas Stolze,185.42,70.31,187.96,4
Jeff Molina,167.64,56.7,175.26,1
Andreas Michailidis,182.88,77.11,193.04,1
Felipe Colares,172.72,65.77,175.26,1
Aleksandar Rakic,193.04,92.99,198.12,1
Louis Smolka,175.26,61.23,172.72,1
Frank Camacho,177.8,70.31,185.42,1
Alan Patrick,180.34,70.31,187.96,3
Ariane Carnelossi,157.48,52.16,154.94,1
Tristan Connelly,177.8,65.77,172.72,1
Gina Mazany,167.64,56.7,172.72,3
Sergey Khandozhko,185.42,77.11,187.96,1
Ike Villanueva,185.42,92.99,185.42,1
Cameron Else,175.26,61.23,180.34,4
Dean Barry,177.8,77.11,182.88,1
Miguel Baeza,187.96,77.11,187.96,1
TJ Laramie,167.64,65.77,167.64,1
Brandon Jenkins,182.88,70.31,180.34,4
Kevin Croom,180.34,61.23,185.42,1
Tecia Torres,154.94,52.16,152.4,1
Vinc Pichel,177.8,70.31,182.88,1
Aspen Ladd,167.64,61.23,167.64,1
Mickey Gall,187.96,77.11,187.96,4
Kay Hansen,157.48,52.16,160.02,1
Askar Askarov,167.64,56.7,170.18,1
Sara McMann,167.64,61.23,167.64,1
Aliaskhab Khizriev,175.26,83.91,187.96,3
Luis Saldana,180.34,65.77,185.42,1
Bruno Souza,177.8,65.77,177.8,1
Kazula Vargas,172.72,70.31,180.34,3
Mike Grundy,170.18,65.77,182.88,1
Timur Valiev,167.64,61.23,170.18,1
Marlon Moraes,167.64,61.23,170.18,1
Sabina Mazo,170.18,56.7,177.8,1
Kris Moutinho,170.18,61.23,172.72,3
Alex Oliveira,180.34,77.11,193.04,1
Greg Hardy,195.58,120.2,203.2,1
Devonte Smith,175.26,70.31,193.04,1
Rongzhu,175.26,70.31,182.88,1
Alejandro Perez,167.64,61.23,170.18,1
Ramiz Brahimaj,177.8,77.11,182.88,1
Micheal Gillmore,180.34,77.11,182.88,1
Chas Skelly,180.34,65.77,182.88,1
Mark Striegl,172.72,65.77,177.8,3
Jesse Strader,170.18,61.23,177.8,1
Roxanne Modafferi,170.18,56.7,175.26,1
Fabio Cherant,185.42,92.99,187.96,3
Alexis Davis,167.64,61.23,172.72,1
Danilo Marques,198.12,92.99,195.58,1
Francis Ngannou,193.04,113.4,210.82,1
Rogerio Bontorin,165.1,56.7,170.18,1
Dakota Bush,177.8,70.31,185.42,1
Sijara Eubanks,162.56,56.7,170.18,1
Andre Ewell,172.72,65.77,190.5,3
Matt Sayles,170.18,70.31,172.72,1
Ryan Hall,177.8,65.77,177.8,3
Maki Pitolo,177.8,83.91,190.5,1
Mallory Martin,162.56,52.16,160.02,1
Chris Gruetzemacher,172.72,70.31,172.72,1
Sean Soriano,175.26,65.77,177.8,1
Ben Rothwell,193.04,120.2,198.12,1
Felicia Spencer,167.64,65.77,172.72,1
Leah Letson,170.18,65.77,180.34,3
Collin Anglin,175.26,65.77,180.34,1
Liana Jojua,162.56,56.7,157.48,1
Al Iaquinta,177.8,70.31,177.8,1
Jordan Williams,185.42,83.91,190.5,3
Gian Villante,190.5,104.33,193.04,1
John Allan,185.42,92.99,190.5,1
Shamil Gamzatov,187.96,92.99,193.04,1
Hu Yaozong,190.5,83.91,182.88,1
Laureano Staropoli,185.42,83.91,180.34,1
Khama Worthy,180.34,70.31,187.96,1
Livinha Souza,160.02,52.16,160.02,1
Randa Markos,162.56,52.16,160.02,1
Zviad Lazishvili,167.64,61.23,175.26,1
Carlos Felipe,182.88,111.13,190.5,1
Andrew Sanchez,185.42,83.91,187.96,1
Bethe Correia,165.1,61.23,162.56,1
Gaetano Pirrello,170.18,61.23,165.1,1
Johnny Eduardo,170.18,61.23,180.34,1
Nick Diaz,185.42,77.11,193.04,3
Martin Sano,180.34,77.11,190.5,1
Antonio Arroyo,190.5,83.91,185.42,1
Mike Rodriguez,193.04,92.99,208.28,3
Sarah Alpar,162.56,61.23,160.02,3
Impa Kasanganay,180.34,77.11,190.5,1
Emily Whitmire,165.1,56.7,160.02,1
David Zawada,182.88,77.11,190.5,1
Luigi Vendramini,172.72,70.31,185.42,1
Darren Stewart,182.88,92.99,187.96,1
Domingo Pilarte,182.88,61.23,185.42,3
Bea Malecki,175.26,61.23,187.96,1
Sasha Palatnikov,185.42,77.11,182.88,4
Casey Kenney,170.18,61.23,172.72,3
Drako Rodriguez,172.72,61.23,175.26,1
Anderson Dos Santos,165.1,61.23,177.8,1
Jamey Simmons,167.64,61.23,177.8,1
Ryan Benoit,165.1,56.7,172.72,1
Ian Heinisch,180.34,83.91,182.88,1
Marion Reneau,167.64,61.23,172.72,1
Jeremy Stephens,175.26,65.77,180.34,1
Conor McGregor,175.26,70.31,187.96,3
Carlos Condit,187.96,77.11,190.5,1
Omari Akhmedov,182.88,83.91,185.42,1
Jerome Rivera,177.8,56.7,182.88,3
Michel Prazeres,167.64,77.11,170.18,1
Justin Jaynes,170.18,65.77,172.72,1
Yancy Medeiros,177.8,70.31,190.5,1
Dhiego Lima,187.96,77.11,190.5,1
Roque Martinez,177.8,113.4,182.88,1
Lara Procopio,162.56,56.7,170.18,1
Demian Maia,185.42,77.11,182.88,3
Walt Harris,195.58,113.4,195.58,3
Victor Rodriguez,165.1,56.7,170.18,4
Jacare Souza,185.42,83.91,182.88,1
Kevin Aguilar,170.18,70.31,185.42,1
Maurice Greene,200.66,117.03,203.2,1
Gregor Gillespie,170.18,70.31,180.34,1
Christian Aguilera,175.26,77.11,182.88,4
Kai Kamaka,170.18,65.77,175.26,1
KB Bhullar,193.04,83.91,198.12,4
Luke Sanders,167.64,61.23,170.18,3
Stefan Sekulic,182.88,77.11,190.5,3
Justine Kish,165.1,56.7,162.56,1
Luis Pena,190.5,70.31,190.5,3
Juan Espino,190.5,115.67,203.2,1
Bartosz Fabinski,182.88,77.11,190.5,1
Anthony Birchak,172.72,61.23,175.26,1
Mike Perry,177.8,77.11,180.34,1
Yorgan De Castro,182.88,113.4,187.96,1
Jarjis Danho,190.5,120.2,187.96,1
Hunter Azure,172.72,65.77,175.26,1
Jordan Griffin,177.8,65.77,185.42,3
Stipe Miocic,193.04,108.86,203.2,1
Tyron Woodley,175.26,77.11,187.96,1
Thomas Almeida,170.18,65.77,177.8,3
Gustavo Lopez,165.1,61.23,170.18,1
Ray Rodriguez,170.18,61.23,177.8,1
Megan Anderson,182.88,65.77,182.88,1
Joseph Benavidez,162.56,56.7,165.1,3
Jordan Espinosa,167.64,56.7,175.26,1
Aalon Cruz,182.88,65.77,198.12,4
Jimmie Rivera,162.56,61.23,172.72,1
Vince Cachero,167.64,65.77,172.72,1
Shana Dobson,167.64,56.7,175.26,1
Alistair Overeem,193.04,120.2,203.2,1
Martin Day,177.8,65.77,185.42,1
Antonio Carlos Junior,187.96,83.91,200.66,1
Nik Lentz,172.72,65.77,172.72,1
Vinicius Moreira,193.04,92.99,193.04,1
Tom Breese,190.5,83.91,185.42,3
Markus Perez,185.42,83.91,185.42,1
Sarah Moras,170.18,61.23,170.18,1
Vanessa Melo,165.1,61.23,165.1,1
Jacob Kilburn,175.26,65.77,182.88,1
Anthony Pettis,177.8,70.31,182.88,1
Carlton Minus,177.8,77.11,190.5,1
Junior Dos Santos,193.04,107.95,195.58,1
Peter Barrett,177.8,65.77,185.42,3
Matt Wiman,177.8,70.31,172.72,1
Jose Quinonez,172.72,61.23,175.26,3
Spike Carlyle,172.72,65.77,180.34,4
Rachael Ostovich,160.02,56.7,157.48,1
Alan Jouban,182.88,77.11,185.42,3
Paul Felder,180.34,70.31,177.8,1
Geraldo de Freitas,170.18,61.23,182.88,1
Claudia Gadelha,162.56,52.16,160.02,1
Bevon Lewis,190.5,83.91,200.66,1
Eduardo Garagorri,175.26,65.77,177.8,1
Anderson Silva,187.96,83.91,195.58,3
Jack Marshman,182.88,83.91,185.42,1
Cole Williams,182.88,77.11,185.42,1
Justin Ledet,193.04,92.99,203.2,1
Khabib Nurmagomedov,177.8,70.31,177.8,1
Liliya Shakirova,162.56,56.7,165.1,1
Stefan Struve,210.82,120.2,213.36,1
Alexander Yakovlev,190.5,70.31,187.96,3
James Krause,187.96,77.11,185.42,1
John Phillips,180.34,83.91,190.5,3
Gadzhimurad Antigulov,180.34,92.99,177.8,1
Ali AlQaisi,167.64,61.23,172.72,1
Germaine de Randamie,175.26,61.23,180.34,1
Dequan Townsend,190.5,92.99,200.66,1
Jessin Ayari,182.88,70.31,185.42,1
Diego Sanchez,177.8,77.11,182.88,3
Jeff Hughes,187.96,113.4,195.58,1
Khadis Ibragimov,190.5,92.99,198.12,1
Mirsad Bektic,172.72,65.77,177.8,1
Mara Romero Borella,167.64,56.7,175.26,1
Irwin Rivera,167.64,61.23,170.18,3
Brok Weaver,182.88,70.31,185.42,3
Anthony Ivy,187.96,83.91,187.96,1
Zelim Imadaev,182.88,77.11,193.04,1
Cole Smith,180.34,61.23,170.18,1
Ricardo Lamas,172.72,65.77,180.34,1
Austin Springer,172.72,65.77,180.34,1
Hannah Cifers,154.94,52.16,157.48,1
Daniel Cormier,180.34,106.59,182.88,1
John Dodson,160.02,61.23,167.64,1
Frankie Saenz,167.64,61.23,167.64,1
Rogerio Nogueira,187.96,92.99,190.5,3
Fabricio Werdum,193.04,104.78,195.58,1
Peter Sobotta,182.88,77.11,190.5,3
Raphael Pessoa,190.5,118.84,198.12,1
Nad Narimani,172.72,65.77,177.8,1
Joe Duffy,177.8,70.31,185.42,1
Brett Johns,170.18,61.23,180.34,1
Davi Ramos,167.64,70.31,177.8,1
Chris Fishgold,172.72,65.77,172.72,1
Paige VanZant,162.56,52.16,165.1,1
Danny Henry,182.88,65.77,185.42,1
Roman Bogatov,172.72,70.31,185.42,1
Lyman Good,182.88,77.11,187.96,1
Brianna Fortino,152.4,52.16,157.48,3
Max Rohskopf,185.42,70.31,180.34,1
Mark De La Rosa,167.64,61.23,165.1,1
Anthony Rocco Martin,182.88,77.11,185.42,1
Charles Byrd,177.8,83.91,185.42,1
Jussier Formiga,165.1,56.7,170.18,1
Evan Dunham,177.8,70.31,177.8,3
Ray Borg,162.56,61.23,160.02,1
Aleksei Kunchenko,172.72,77.11,177.8,1
Yoel Romero,182.88,83.91,185.42,3
Saparbeg Safarov,185.42,83.91,198.12,1
Gabriel Silva,167.64,61.23,180.34,1
Ismail Naurdiev,177.8,77.11,187.96,1
Ben Sosoli,182.88,120.2,182.88,3
Magomed Mustafaev,172.72,70.31,180.34,1
Emil Meek,180.34,77.11,187.96,4
Callan Potter,182.88,77.11,182.88,1
Corey Anderson,190.5,92.99,200.66,1
Juan Adams,195.58,120.2,203.2,1
Darko Stosic,182.88,92.99,193.04,1
Dooho Choi,177.8,65.77,177.8,1
Pingyuan Liu,167.64,61.23,182.88,1
Suman Mokhtarian,172.72,65.77,182.88,1
Dong Hyun Ma,180.34,70.31,177.8,1
Urijah Faber,167.64,61.23,170.18,1
Ben Saunders,187.96,77.11,195.58,1
Daniel Teymur,165.1,65.77,175.26,1
Oskar Piechota,182.88,83.91,193.04,3
Thiago Alves,175.26,77.11,177.8,1
Trevor Smith,190.5,83.91,190.5,1
Sergio Moraes,182.88,77.11,182.88,1
Renan Barao,167.64,65.77,177.8,1
Isabela de Padua,160.02,56.7,162.56,1
Zabit Magomedsharipov,185.42,65.77,185.42,1
Klidson Abreu,182.88,92.99,187.96,1
Rustam Khabilov,172.72,70.31,185.42,1
Grigory Popov,170.18,61.23,172.72,4
Chance Rencountre,187.96,77.11,190.5,3
Ben Askren,180.34,77.11,185.42,1
Stevie Ray,177.8,70.31,177.8,3
Alex White,182.88,70.31,180.34,3
Enrique Barzola,170.18,65.77,177.8,1
Aleksandra Albu,157.48,52.16,160.02,1
Joe Lauzon,177.8,70.31,180.34,1
Manny Bermudez,177.8,65.77,180.34,1
Kyle Bochniak,170.18,65.77,177.8,1
Boston Salmon,175.26,61.23,175.26,3
Daniel Spitz,200.66,111.13,208.28,1
James Vick,190.5,70.31,193.04,1
Thomas Gifford,185.42,70.31,190.5,1
Hector Aldana,180.34,77.11,182.88,1
Lauren Mueller,165.1,56.7,170.18,1
Luke Jumeau,180.34,77.11,182.88,1
Rostem Akman,177.8,77.11,182.88,4
Nadia Kassem,165.1,56.7,167.64,3
Danilo Belluardo,182.88,70.31,187.96,3
Siyar Bahadurzada,180.34,77.11,185.42,1
Nohelin Hernandez,177.8,61.23,180.34,1
Martin Bravo,172.72,65.77,180.34,3
Carlos Huachin,162.56,61.23,170.18,3
Marco Polo Reyes,180.34,70.31,180.34,1
Sergio Pettis,167.64,56.7,175.26,1
Marcos Mariano,185.42,70.31,193.04,4
Ryan MacDonald,180.34,61.23,180.34,4
Kyle Prepolec,177.8,77.11,177.8,3
Mairbek Taisumov,175.26,70.31,185.42,1
Teemu Packalen,185.42,70.31,190.5,1
Nordine Taleb,185.42,77.11,187.96,1
Don Madge,182.88,70.31,182.88,3
Derrick Krantz,177.8,77.11,182.88,1
Andre Soukhamthath,175.26,61.23,177.8,1
Jodie Esquibel,154.94,52.16,162.56,1
Liz Carmouche,167.64,56.7,167.64,1
Humberto Bandenay,180.34,65.77,180.34,3
Bobby Moffett,177.8,65.77,185.42,1
Salim Touahri,177.8,77.11,182.88,1
Cristiane Justino,172.72,65.77,172.72,1
Olivier Aubin-Mercier,175.26,70.31,177.8,3
Yoshinori Horie,172.72,65.77,177.8,1
Sarah Frota,167.64,56.7,175.26,3
Erik Koch,177.8,77.11,180.34,3
Kyle Stewart,182.88,77.11,193.04,1
Jin Soo Son,167.64,61.23,175.26,1
Cezar Ferreira,185.42,83.91,198.12,3
Sheymon Moraes,172.72,65.77,182.88,1
Nicco Montano,165.1,61.23,165.1,3
Gilbert Melendez,175.26,65.77,185.42,1
Dan Moret,182.88,70.31,185.42,3
Junior Albini,190.5,119.75,187.96,1
Syuri Kondo,162.56,52.16,167.64,1
Allen Crowder,190.5,111.13,193.04,1
Eric Spicely,185.42,83.91,185.42,1
Jimi Manuwa,185.42,92.99,200.66,1
Sung Bin Jo,182.88,65.77,182.88,1
Tonya Evinger,170.18,61.23,177.8,1
Nick Hein,167.64,70.31,167.64,3
Duda Santana,170.18,65.77,185.42,1
Desmond Green,177.8,70.31,185.42,3
Patrick Cummins,187.96,92.99,193.04,1
BJ Penn,175.26,70.31,177.8,1
Talita Bernardo,162.56,61.23,172.72,1
Elias Theodorou,185.42,83.91,190.5,1
Arjan Bhullar,185.42,111.13,190.5,1
Mitch Gagnon,165.1,61.23,165.1,3
Dmitrii Smoliakov,187.96,114.76,187.96,4
John Lineker,160.02,61.23,170.18,1
Jason Gonzalez,187.96,70.31,187.96,3
Marcelo Golm,190.5,112.94,190.5,1
Sultan Aliev,180.34,77.11,187.96,1
Keita Nakamura,180.34,77.11,185.42,3
Wilson Reis,162.56,56.7,165.1,3
Curtis Millender,187.96,77.11,193.04,1
David Branch,185.42,83.91,198.12,1
Jessica Aguilar,160.02,52.16,160.02,1
Ross Pearson,172.72,70.31,175.26,1
Justin Willis,185.42,119.75,198.12,3
Jesus Pinedo,177.8,70.31,182.04,3
Eric Shelton,167.64,56.7,172.72,1
Jordan Rinaldi,177.8,65.77,182.88,1
Tim Boetsch,182.88,83.91,187.96,1
Zak Ottow,180.34,77.11,182.88,1
Carlo Pedersoli Jr.,180.34,77.11,190.5,3
Cain Velasquez,185.42,108.86,195.58,1
Myles Jury,177.8,65.77,185.42,1
Austin Arnett,182.88,65.77,182.88,1
Teruto Ishihara,170.18,61.23,175.26,3
Wulijiburen,175.26,61.23,175.26,1
David Teymur,175.26,70.31,185.42,3
Bibulatov Magomed,165.1,56.7,165.1,1
Dustin Ortiz,165.1,56.7,165.1,1
Dennis Bermudez,167.64,70.31,167.64,1
Te Edwards,172.72,70.31,182.88,1
Chad Mendes,167.64,65.77,167.64,1
Cat Zingano,167.64,65.77,172.72,3
Adam Milstead,190.5,92.99,193.04,1
Chris de la Rocha,190.5,113.4,203.2,1
Matthew Lopez,170.18,61.23,175.26,3
Chad Laprise,177.8,77.11,180.34,1
Mark Hunt,177.8,120.2,182.88,1
Yushin Okami,187.96,77.11,190.5,3
Ben Nguyen,165.1,56.7,165.1,4
Elias Garcia,165.1,56.7,170.18,3
Mizuto Hirota,170.18,70.31,170.18,1
Alex Gorgees,187.96,70.31,187.96,4
Justin Frazier,182.88,120.2,190.5,3
Bryan Caraway,172.72,61.23,172.72,1
Michel Batista,190.5,117.93,182.04,1
Darrell Horcher,177.8,70.31,177.8,3
Ricky Rainey,185.42,77.11,195.58,4
Rashad Coulter,180.34,92.99,193.04,1
Yuta Sasaki,177.8,56.7,180.34,3
Devin Powell,182.88,70.31,185.42,1
Amanda Cooper,160.02,52.16,162.56,4
John Gunther,175.26,70.31,182.88,1
Joseph Morales,167.64,56.7,175.26,4
Joby Sanchez,167.64,61.23,172.72,1
Jason Knight,177.8,65.77,180.34,1
Adam Wieczorek,195.58,113.4,205.74,1
Artem Lobov,175.26,65.77,165.1,3
Alex Garcia,175.26,77.11,182.88,1
Thibault Gouti,177.8,70.31,182.88,1
Gray Maynard,175.26,70.31,177.8,1
Ryan LaFlare,185.42,77.11,187.96,3
Luis Henrique,187.96,110.22,187.96,1
Thales Leites,185.42,83.91,198.12,1
Hector Lombard,175.26,83.91,180.34,3
Alex Chambers,160.02,52.16,160.02,3
Khalid Murtazaliev,182.88,83.91,193.04,1
CB Dollaway,187.96,83.91,193.04,1
Kajan Johnson,180.34,70.31,190.5,1
Adam Yandiev,175.26,83.91,187.96,1
Jordan Johnson,187.96,92.99,200.66,1
Terrion Ware,172.72,61.23,180.34,1
Craig White,187.96,77.11,193.04,1
Robert Sanchez,167.64,56.7,167.64,1
Jarred Brooks,160.02,56.7,157.48,4
Jake Ellenberger,175.26,77.11,180.34,1
John Moraga,167.64,56.7,167.64,1
Tim Williams,187.96,83.91,193.04,1
Iuri Alcantara,175.26,61.23,180.34,3
George Sullivan,182.88,77.11,185.42,1
Kalindra Faria,170.18,56.7,182.04,4
Jon Tuck,180.34,70.31,185.42,1
Demetrious Johnson,160.02,56.7,167.64,1
Jose Torres,162.56,56.7,165.1,1
Danielle Taylor,152.4,52.16,152.4,1
Eddie Alvarez,175.26,70.31,175.26,1
Jordan Mein,182.88,77.11,185.42,1
Alvaro Herrera Mendoza,182.88,70.31,187.96,1
Vitor Miranda,185.42,83.91,195.58,1
Jeremy Kimball,182.88,92.99,182.88,4
Damian Stasiak,165.1,61.23,177.8,1
Sage Northcutt,182.88,77.11,180.34,1
Justin Scoggins,170.18,56.7,167.64,3
Gokhan Saki,182.88,92.99,185.42,1
Jamie Moyle,154.94,52.16,165.1,1
Joe Giannetti,182.88,70.31,187.96,3
Jay Cucciniello,170.18,70.31,182.04,1
Barb Honchak,162.56,56.7,165.1,1
Richie Smullen,175.26,70.31,172.72,1
Allan Zuniga,170.18,70.31,177.8,1
Tyler Diamond,170.18,65.77,175.26,1
Matt Bessette,177.8,65.77,177.8,1
Daichi Abe,180.34,77.11,180.34,1
Felipe Arantes,172.72,61.23,185.42,1
Rolando Dy,172.72,65.77,175.26,1
Shinsho Anzai,170.18,77.11,177.8,1
Viviane Pereira,154.94,52.16,160.02,1
Naoki Inoue,175.26,56.7,180.34,1
Jenel Lausa,165.1,56.7,172.72,1
Melinda Fabian,167.64,56.7,167.64,1
Rashad Evans,182.88,92.99,190.5,1
Mike Santiago,177.8,65.77,175.26,1
Gleison Tibau,177.8,70.31,180.34,3
Mads Burnell,172.72,65.77,175.26,1
Daniel Kelly,182.88,83.91,177.8,3
Brad Scott,185.42,77.11,193.04,1
Diego Rivas,172.72,65.77,175.26,1
Henry Briones,172.72,61.23,175.26,1
Felipe Silva,182.88,70.31,195.58,1
Vitor Belfort,182.88,83.91,187.96,3
Lyoto Machida,185.42,83.91,187.96,3
Alberto Mina,182.88,77.11,195.58,1
James Bochnovic,193.04,92.99,205.74,1
Luan Chagas,182.88,77.11,190.5,1
Patrick Williams,172.72,61.23,185.42,1
Bec Rawlings,167.64,56.7,162.56,1
Tom Duquesnoy,170.18,61.23,172.72,1
Oliver Enkamp,182.88,77.11,195.58,4
Mark Godbeer,193.04,108.86,195.58,1
Dmitry Sosnovskiy,190.5,108.86,195.58,1
Mike Pyle,182.88,77.11,187.96,1
Russell Doane,170.18,61.23,177.8,1
Albert Morales,175.26,61.23,182.88,1
Brian Camozzi,187.96,77.11,198.12,1
Joshua Burkman,177.8,77.11,182.88,1
Cyril Asker,182.88,112.04,187.96,1
Damien Brown,177.8,70.31,172.72,1
Rob Wilkinson,190.5,83.91,203.2,1
Jeremy Kennedy,180.34,65.77,180.34,1
Timothy Johnson,190.5,120.2,195.58,3
Maia Stevenson,162.56,52.16,157.48,1
Joe Soto,167.64,61.23,165.1,1
Godofredo Pepey,170.18,65.77,185.42,1
Juliana Lima,165.1,52.16,165.1,1
Francimar Barroso,185.42,92.99,190.5,1
Sabah Homasi,182.88,77.11,182.88,1
Galore Bofando,180.34,77.11,182.88,4
Abel Trujillo,172.72,70.31,177.8,1
Oluwale Bamgbose,180.34,83.91,198.12,4
Erick Silva,182.88,77.11,187.96,1
Carls John De Tomas,165.1,56.7,180.34,3
Antonio Braga Neto,190.5,83.91,195.58,1
Angela Magana,154.94,52.16,165.1,1
Christina Marks,170.18,56.7,175.26,1
Ryan Janes,190.5,83.91,193.04,1
Karine Gevorgyan,162.56,56.7,160.02,1
Ariel Beck,167.64,56.7,167.64,3
Michael Bisping,185.42,83.91,190.5,1
Wang Guan,175.26,65.77,180.34,1
Bobby Nash,182.88,77.11,187.96,1
Kailin Curran,162.56,52.16,165.1,1
Bharat Kandare,170.18,61.23,182.88,1
Bojan Velickovic,182.88,77.11,193.04,3
Ashkan Mokhtarian,167.64,56.7,170.18,3
Will Brooks,177.8,70.31,182.88,1
Anthony Hamilton,195.58,117.93,193.04,1
Nate Marquardt,182.88,83.91,187.96,1
Michel Quinones,177.8,70.31,185.42,1
Marcel Fortuna,185.42,92.99,187.96,1
Georges St-Pierre,180.34,83.91,193.04,1
Johny Hendricks,175.26,83.91,175.26,3
Hacran Dias,172.72,70.31,175.26,1
Christian Colombo,195.58,120.2,182.04,1
Jonathan Wilson,187.96,92.99,190.5,3
Marcin Held,175.26,70.31,180.34,1
Pearl Gonzalez,162.56,52.16,182.04,1
Marco Beltran,172.72,56.7,175.26,1
Takanori Gomi,170.18,70.31,177.8,3
Henrique da Silva,190.5,92.99,193.04,1
Chan-Mi Jeon,165.1,52.16,182.04,1
Hyun Gyu Lim,190.5,77.11,195.58,1
Azunna Anyanwu,185.42,113.85,182.04,1
Jason Saggo,180.34,70.31,180.34,1
Mitch Clarke,177.8,70.31,185.42,1
Adriano Martins,177.8,70.31,182.88,3
Bojan Mihajlovic,180.34,92.99,185.42,1
Abdul-Kerim Edilov,187.96,92.99,182.04,1
Andrew Holbrook,180.34,70.31,177.8,3
Hector Sandoval,157.48,56.7,162.56,1
Rafael Natal,182.88,83.91,195.58,1
Damian Grabowski,185.42,109.32,190.5,1
Frankie Perez,180.34,70.31,185.42,1
Chris Wade,177.8,70.31,177.8,1
James Mulheron,177.8,110.22,185.42,1
Neil Seery,162.56,56.7,162.56,1
Charlie Ward,180.34,77.11,182.04,1
Leslie Smith,175.26,61.23,167.64,1
Daniel Omielanczuk,182.88,112.04,187.96,3
Travis Browne,198.12,115.67,200.66,1
Jesse Taylor,182.88,77.11,185.42,1
Nick Roehrick,187.96,92.99,182.04,1
Tom Gallicchio,177.8,77.11,182.04,3
Joachim Christensen,190.5,92.99,193.04,1
Dennis Siver,167.64,65.77,177.8,1
Johnny Case,177.8,70.31,182.88,1
Josh Stansbury,187.96,92.99,187.96,1
Dong Hyun Kim,187.96,77.11,193.04,3
Tarec Saffiedine,177.8,77.11,177.8,4
Kwan Ho Kwak,165.1,61.23,182.04,4
Dominique Steele,177.8,77.11,187.96,1
Kiichi Kunimoto,177.8,77.11,180.34,1
Jim Wallhead,177.8,77.11,182.04,1
Alex Nicholson,193.04,83.91,195.58,1
Chris Camozzi,187.96,83.91,190.5,1
Reza Madadi,180.34,70.31,185.42,1
Nicholas Musoke,182.88,77.11,190.5,1
Michael McBride,185.42,70.31,182.04,1
Cindy Dandois,170.18,61.23,182.04,1
Joe Proctor,177.8,70.31,182.88,1
Roy Nelson,182.88,119.29,185.42,1
Rashid Magomedov,175.26,70.31,177.8,1
Augusto Mendes,167.64,61.23,165.1,1
Nathan Coy,177.8,77.11,175.26,3
Anthony Johnson,187.96,92.99,198.12,1
Gegard Mousasi,187.96,83.91,193.04,1
Patrick Cote,180.34,77.11,190.5,1
Mike de la Torre,180.34,65.77,180.34,1
Brad Pickett,167.64,61.23,172.72,1
Scott Askham,190.5,83.91,190.5,3
Rony Jason,170.18,65.77,185.42,1
Garreth McLellan,185.42,83.91,182.88,3
Sam Sicilia,172.72,65.77,170.18,1
Alex Ricci,180.34,70.31,182.04,1
Reginaldo Vieira,170.18,61.23,165.1,1
Phillipe Nover,175.26,65.77,182.88,1
Roan Carneiro,180.34,77.11,193.04,1
Michinori Tanaka,165.1,61.23,170.18,1
Daniel Jolly,185.42,92.99,190.5,1
JC Cottrell,175.26,70.31,182.04,1
Viktor Pesta,190.5,108.86,195.58,1
Jocelyn Jones-Lybarger,170.18,52.16,162.56,1
Ronda Rousey,170.18,61.23,167.64,1
Brandon Thatch,187.96,77.11,187.96,4
Cole Miller,185.42,65.77,185.42,1
James Moontasri,177.8,77.11,180.34,4
Takeya Mizugaki,170.18,61.23,175.26,1
Fredy Serrano,160.02,56.7,165.1,1
Tim Kennedy,180.34,83.91,187.96,1
Valerie Letourneau,170.18,52.16,172.72,1
Zach Makovsky,162.56,56.7,162.56,3
Sean O'Connell,185.42,92.99,187.96,1
Joseph Gigliotti,180.34,83.91,182.04,1
Tiago dos Santos e Silva,175.26,65.77,177.8,1
Keith Berish,182.88,92.99,182.04,1
Brendan O'Reilly,170.18,77.11,175.26,1
Elvis Mutapcic,182.88,83.91,182.88,1
Kyle Noke,185.42,77.11,193.04,3
Yusuke Kasuya,170.18,70.31,182.04,3
Seo Hee Ham,157.48,52.16,157.48,3
Richard Walsh,182.88,77.11,185.42,1
Jonathan Meunier,190.5,77.11,182.04,4
Geane Herrera,165.1,56.7,167.64,1
Guangyou Ning,162.56,65.77,162.56,3
Yao Zhikui,165.1,56.7,162.56,1
Ryan Bader,187.96,92.99,187.96,1
Manvel Gamburyan,165.1,61.23,170.18,1
Magnus Cedenblad,195.58,83.91,200.66,1
Kyoji Horiguchi,165.1,56.7,167.64,1
Ali Bagautinov,162.56,56.7,165.1,1
Anna Elmose,160.02,52.16,182.04,1
Milana Dudieva,160.02,61.23,182.04,1
Heather Clark,167.64,52.16,162.56,1
Erik Perez,172.72,61.23,172.72,1
Erick Montano,182.88,77.11,185.42,1
Jason Novelli,182.88,70.31,182.04,1
Chris Avila,177.8,65.77,182.04,1
Dan Henderson,180.34,83.91,187.96,1
Albert Tumenov,180.34,77.11,185.42,1
Lukasz Sajewski,172.72,70.31,180.34,1
Tamdan McCrory,193.04,83.91,193.04,4
Cody East,190.5,111.13,182.04,1
Kelly Faszholz,172.72,61.23,182.04,1
Antonio Silva,193.04,119.75,208.28,1
Hector Urbina,180.34,77.11,185.42,1
Glaico Franca Moreira,182.88,70.31,195.58,1
Kenny Robertson,177.8,77.11,187.96,1
Maximo Blanco,172.72,65.77,180.34,1
Augusto Montano,185.42,77.11,185.42,1
Leonardo Guimaraes,182.88,83.91,182.04,1
Joey Gomez,177.8,61.23,185.42,1
CM Punk,185.42,77.11,185.42,1
Caio Magalhaes,185.42,83.91,185.42,1
Sean Spencer,177.8,77.11,187.96,1
Josh Barnett,190.5,113.4,198.12,1
Tae Hyun Bang,175.26,70.31,180.34,4
Leandro Issa,170.18,61.23,175.26,1
Leandro Silva,175.26,70.31,182.88,1
Kevin Casey,180.34,83.91,195.58,3
Shane Campbell,182.88,70.31,180.34,1
Rick Story,175.26,77.11,180.34,3
Elizabeth Phillips,167.64,61.23,165.1,1
Lorenz Larkin,180.34,77.11,182.88,1
Alberto Uda,190.5,83.91,182.04,1
Horacio Gutierrez,177.8,65.77,182.04,1
Tatsuya Kawajiri,170.18,65.77,175.26,1
Francisco Rivera,172.72,61.23,177.8,1
Cesar Arzamendia,180.34,70.31,182.04,1
Jim Alers,175.26,65.77,180.34,1
Michael McDonald,175.26,61.23,177.8,1
Josh Samman,190.5,83.91,200.66,1
Cristina Stanciu,160.02,52.16,182.04,1
Cody Pfister,177.8,70.31,185.42,1
Enrique Marin,177.8,77.11,182.04,1
Thiago Tavares,170.18,65.77,177.8,1
Fernando Bruno,167.64,65.77,182.04,1
Cory Hendricks,190.5,92.99,182.04,4
Anton Zafir,180.34,77.11,182.04,1
Mehdi Baghdad,185.42,70.31,182.04,1
Dileno Lopes,165.1,61.23,182.04,1
Jerrod Sanders,172.72,61.23,182.88,1
Rory MacDonald,182.88,77.11,193.04,1
Steve Bosse,180.34,92.99,182.88,1
Chris Beal,170.18,56.7,175.26,1
Yan Cabral,180.34,70.31,185.42,1
Dominic Waters,185.42,77.11,200.66,1
Willie Gates,172.72,56.7,182.88,1
Chris Kelades,170.18,56.7,172.72,1
Clint Hester,187.96,92.99,195.58,1
Efrain Escudero,175.26,70.31,180.34,1
Michael Graves,177.8,77.11,180.34,1
Gabriel Gonzaga,187.96,109.77,193.04,1
Igor Pokrajac,182.88,92.99,187.96,1
Ian Entwistle,165.1,61.23,182.04,1
Filip Pejic,172.72,61.23,182.04,1
Robert Whiteford,175.26,65.77,175.26,3
Lucas Martins,182.88,65.77,182.88,3
Frank Mir,190.5,119.75,200.66,3
James Te Huna,187.96,83.91,190.5,1
Mark Eddiva,172.72,65.77,172.72,1
Rin Nakai,154.94,61.23,182.04,1
Viscardi Andrade,180.34,77.11,190.5,1
Tom Lawlor,182.88,92.99,187.96,3
Marcelo Guimaraes,182.88,83.91,185.42,1
Justin Salas,172.72,70.31,177.8,3
Mike Wilkinson,170.18,65.77,167.64,1
Chris Dempsey,177.8,83.91,182.88,1
Yaotzin Meza,175.26,65.77,180.34,1
Norman Parke,180.34,70.31,177.8,3
Martin Svensson,185.42,70.31,182.04,1
Joe Riggs,182.88,83.91,177.8,3
Daniel Sarafian,175.26,83.91,185.42,1
Jonavin Webb,177.8,77.11,182.04,1
Jared Rosholt,187.96,120.2,190.5,1
Rafael Cavalcante,185.42,92.99,187.96,1
KJ Noons,177.8,70.31,177.8,1
Noad Lahat,175.26,65.77,175.26,1
Masio Fullen,177.8,65.77,177.8,1
Matt Dwyer,193.04,77.11,193.04,1
Felipe Olivieri,175.26,70.31,182.04,1
Matt Mitrione,190.5,120.2,208.28,4
Daron Cruickshank,172.72,70.31,182.88,4
Diego Brandao,170.18,65.77,162.56,1
Tony Sims,180.34,70.31,177.8,3
Masanori Kanehara,170.18,61.23,170.18,1
Sheldon Westcott,185.42,77.11,180.34,3
Edgar Garcia,177.8,77.11,180.34,1
Sarah Kaufman,165.1,61.23,167.64,1
Danny Castillo,175.26,70.31,180.34,1
Hayder Hassan,177.8,77.11,182.04,1
Marcio Alexandre Junior,182.88,83.91,190.5,3
Marcin Wrzosek,175.26,70.31,182.04,1
Konstantin Erokhin,180.34,104.33,182.04,1
Mike Pierce,172.72,77.11,180.34,1
Abner Lloveras,180.34,70.31,182.04,1
John Howard,170.18,77.11,182.88,1
Andreas Stahl,180.34,77.11,182.04,1
Emily Kagan,160.02,52.16,182.04,1
Benson Henderson,175.26,77.11,177.8,3
Yoshihiro Akiyama,177.8,77.11,190.5,1
Dongi Yang,177.8,83.91,185.42,3
Yui Chul Nam,175.26,65.77,182.04,1
Leo Kuntz,177.8,70.31,182.04,1
Scott Jorgensen,165.1,61.23,167.64,1
Vernon Ramos Ho,167.64,77.11,182.04,1
Valmir Lazaro,182.88,70.31,185.42,1
Akbarh Arreola,177.8,70.31,180.34,3
Anthony Perosh,190.5,92.99,190.5,1
Richie Vaculik,167.64,56.7,175.26,1
Danny Martinez,167.64,56.7,170.18,1
Steve Montgomery,193.04,83.91,182.04,3
Steve Kennedy,180.34,77.11,182.04,1
Piotr Hallmann,175.26,70.31,180.34,1
Fabio Maldonado,185.42,92.99,190.5,1
Edimilson Souza,182.88,65.77,187.96,1
Gasan Umalatov,180.34,77.11,180.34,1
Bruno Korea,167.64,61.23,165.1,1
Paddy Holohan,177.8,56.7,175.26,1
Jon Delos Reyes,167.64,56.7,170.18,1
Mickael Lebout,180.34,70.31,185.42,1
Aisling Daly,157.48,52.16,162.56,1
Ericka Almeida,167.64,52.16,182.04,1
Cathal Pendred,185.42,77.11,190.5,1
Bubba Bush,182.88,83.91,182.04,1
Shawn Jordan,182.88,117.93,190.5,3
Ruslan Magomedov,190.5,109.77,198.12,1
Francisco Trevino,175.26,70.31,177.8,1
Chris Cariaso,160.02,56.7,162.56,3
Chico Camus,167.64,56.7,167.64,1
George Roop,185.42,61.23,182.88,1
Katsunori Kikuno,172.72,65.77,167.64,1
Naoyuki Kotani,172.72,70.31,167.64,3
Roger Zapata,180.34,77.11,182.04,3
Clay Collard,180.34,65.77,185.42,1
Ron Stallings,187.96,77.11,190.5,3
Nazareno Malegarie,172.72,70.31,182.04,1
Sam Stout,175.26,70.31,177.8,1
Yves Jabouin,170.18,61.23,172.72,1
Elias Silverio,180.34,70.31,185.42,1
Tom Watson,185.42,83.91,185.42,1
Sirwan Kakai,165.1,61.23,182.04,1
Roman Salazar,170.18,61.23,182.04,1
Anthony Christodoulou,175.26,70.31,182.04,1
Antonio Rodrigo Nogueira,190.5,108.86,195.58,1
Soa Palelei,193.04,120.2,205.74,1
Hugo Viana,167.64,61.23,170.18,1
Ramsey Nijem,180.34,70.31,190.5,1
Jessamyn Duke,180.34,61.23,185.42,1
Ivan Jorge,175.26,70.31,185.42,1
Pawel Pawlak,182.88,77.11,185.42,1
Leonardo Mafra,177.8,70.31,177.8,1
Vaughan Lee,167.64,56.7,167.64,1
Hans Stringer,190.5,92.99,182.04,1
Paul Redmond,177.8,65.77,182.04,1
Marcus Brimage,162.56,61.23,180.34,3
Todd Duffee,190.5,117.93,198.12,1
Josh Thomson,177.8,70.31,180.34,1
Igor Araujo,185.42,77.11,195.58,1
Ildemar Alcantara,187.96,83.91,198.12,1
Andrew Craig,185.42,77.11,193.04,1
Dan Miller,185.42,83.91,187.96,1
Darrell Montague,167.64,56.7,170.18,3
Mike Swick,185.42,77.11,195.58,1
Yosdenis Cedeno,172.72,70.31,175.26,1
Eddie Gordon,182.88,83.91,193.04,1
Levan Makashvili,172.72,65.77,172.72,1
Joe Merritt,182.88,77.11,182.04,1
Lewis Gonzalez,177.8,77.11,182.04,1
Alan Omer,177.8,65.77,182.04,1
Niklas Backstrom,185.42,65.77,182.04,1
Antonio Dos Santos,177.8,83.91,182.04,1
Brian Ebersole,182.88,77.11,185.42,3
Justin Edwards,177.8,70.31,177.8,1
Ricardo Abreu,180.34,83.91,182.04,1
Leonardo Morales,172.72,61.23,182.04,3
Ryan Jimmo,185.42,92.99,185.42,1
Wendell Oliveira Marques,177.8,77.11,182.04,1
Luiz Dutra,180.34,77.11,182.04,1
Josh Sampo,162.56,56.7,162.56,1
Constantinos Philippou,180.34,83.91,185.42,1
Mark Munoz,182.88,83.91,180.34,1
Luke Barnatt,198.12,83.91,195.58,1
Zhang Lipeng,180.34,70.31,180.34,3
Royston Wee,170.18,61.23,170.18,1
Roldan Sangcha'an,162.56,56.7,182.04,1
Nolan Ticman,167.64,56.7,182.04,1
Hatsu Hioki,180.34,65.77,185.42,1
Lisa Ellis,162.56,52.16,182.04,1
Dylan Andrews,185.42,83.91,187.96,4
Vik Grujic,180.34,77.11,185.42,1
Alptekin Ozkilic,165.1,56.7,165.1,1
Quinton Jackson,185.42,92.99,185.42,1
David Michaud,175.26,70.31,182.04,1
Chris Clements,177.8,77.11,177.8,1
Jessica Rakoczy,170.18,52.16,182.04,1
Jimy Hettes,175.26,65.77,180.34,3
Mirko Filipovic,187.96,104.33,185.42,3
Seth Baczynski,190.5,77.11,190.5,1
Izabela Badurek,165.1,52.16,182.04,1
Marcin Bandel,177.8,70.31,182.04,1
Rocky Lee,175.26,65.77,182.04,1
Robert Peralta,172.72,65.77,180.34,1
Justin Jones,180.34,83.91,182.04,1
Josh Koscheck,177.8,77.11,185.42,1
Shayna Baszler,170.18,61.23,182.04,1
Cain Carrizosa,172.72,70.31,182.04,1
Jorge de Oliveira,172.72,70.31,182.04,1
Bentley Syler,162.56,56.7,182.04,1
Roger Narvaez,190.5,83.91,182.04,3
Josh Copeland,185.42,120.2,182.04,1
Jake Lindsey,180.34,70.31,182.04,4
Larissa Pacheco,170.18,61.23,182.04,1
Ruan Potts,187.96,112.04,190.5,1
Alex Torres,177.8,65.77,182.04,1
William Macario,180.34,77.11,190.5,1
Josh Shockley,185.42,70.31,182.04,1
Patrick Walsh,180.34,83.91,182.04,1
Rodrigo de Lima,170.18,70.31,182.04,1
Ian McCall,165.1,56.7,162.56,1
Richardson Moreira,187.96,83.91,182.04,1
Andy Enz,190.5,83.91,198.12,1
Phil Davis,187.96,92.99,200.66,1
Akira Corassani,172.72,65.77,172.72,1
Andy Ogle,172.72,65.77,175.26,1
Stanislav Nedkov,180.34,92.99,180.34,1
Shane Howell,172.72,56.7,182.04,1
Matt Van Buren,195.58,92.99,182.04,1
Tateki Matsuda,170.18,56.7,182.04,1
Louis Gaudinot,160.02,56.7,160.02,1
Rodrigo Damm,170.18,70.31,180.34,1
Mats Nilsson,185.42,77.11,182.04,1
Alexis Dufresne,175.26,61.23,182.04,1
Mike Rhodes,185.42,77.11,187.96,1
Tom Niinimaki,175.26,65.77,175.26,1
Jamie Varner,172.72,70.31,180.34,1
Joe Ellenberger,175.26,70.31,182.88,1
Garett Whiteley,182.88,70.31,182.88,1
Dustin Kimura,170.18,61.23,180.34,1
Brendan Schaub,193.04,111.13,198.12,1
Matt Hobar,177.8,61.23,177.8,3
Isaac Vallie-Flagg,172.72,70.31,177.8,1
Yves Edwards,175.26,70.31,185.42,3
Juan Manuel Puig,175.26,65.77,182.04,1
Chris Heatherly,175.26,70.31,182.04,1
Humberto Brown Morrison,177.8,65.77,182.04,1
Rodolfo Rubio Perez,165.1,65.77,182.04,1
Charlie Brenneman,177.8,70.31,177.8,1
Tim Gorman,165.1,61.23,182.04,3
Wagner Silva,182.88,77.11,182.04,1
Vagner Rocha,177.8,70.31,185.42,1
Guto Inocente,190.5,92.99,182.04,1
Luke Zachrich,187.96,83.91,187.96,1
Jumabieke Tuerxun,170.18,61.23,182.04,1
Fabricio Camoes,177.8,70.31,180.34,1
Bruno Santos,175.26,83.91,182.04,1
Anthony Njokuani,185.42,70.31,190.5,1
Tor Troeng,187.96,83.91,182.04,1
Ernest Chavez,172.72,65.77,177.8,1
Amir Sadollah,177.8,77.11,190.5,1
Takenori Sato,177.8,77.11,182.04,3
Kazuki Tokudome,180.34,70.31,185.42,3
Dashon Johnson,170.18,65.77,182.04,1
Paulo Thiago,180.34,77.11,187.96,1
Johnny Bedford,177.8,61.23,180.34,1
Francis Carmont,190.5,92.99,198.12,1
Cung Le,175.26,83.91,177.8,3
Jianping Yang,170.18,65.77,182.04,1
Sai Wang,182.88,77.11,182.04,3
Danny Mitchell,187.96,77.11,182.04,1
Roland Delorme,175.26,61.23,180.34,1
Anying Wang,182.88,77.11,182.04,1
Jack May,203.2,115.67,182.04,4
Kyle Kingsbury,193.04,92.99,200.66,1
Hernani Perpetuo,182.88,77.11,182.04,1
Steven Siler,180.34,65.77,177.8,1
Phil Harris,162.56,56.7,165.1,1
Mike King,190.5,83.91,182.04,1
Cody Donovan,190.5,92.99,187.96,1
Pat Healy,182.88,70.31,182.88,1
Tina Lahdemaki,157.48,52.16,182.04,1
Daniel Spohn,193.04,92.99,200.66,3
Guilherme Vasconcelos,182.88,83.91,182.04,1
Colton Smith,182.88,70.31,180.34,1
Chris Indich,177.8,77.11,182.04,1
Mike Easton,167.64,61.23,177.8,3
Jason High,172.72,70.31,185.42,3
Bobby Voelker,182.88,77.11,187.96,1
Lance Benoist,180.34,77.11,182.88,3
Chris Holdsworth,180.34,61.23,182.04,1
Ben Wall,177.8,70.31,182.04,1
Anthony Lapsley,175.26,77.11,182.04,3
Estevan Payan,177.8,65.77,182.04,1
Mark Bocek,172.72,70.31,190.5,1
Ronny Markes,185.42,83.91,190.5,1
Thiago Perpetuo,177.8,77.11,182.04,1
Jake Shields,182.88,77.11,182.88,1
Renee Forte,170.18,70.31,180.34,1
Will Campuzano,175.26,56.7,177.8,1
Robert McDaniel,190.5,83.91,190.5,3
Melvin Guillard,175.26,70.31,180.34,1
Cyrille Diabate,198.12,92.99,205.74,3
John Hathaway,185.42,77.11,190.5,1
Ivan Menjivar,167.64,65.77,162.56,1
Nam Phan,167.64,61.23,177.8,1
Albert Cheng,180.34,77.11,182.04,1
TJ Waldburger,180.34,77.11,190.5,1
Rafaello Oliveira,172.72,70.31,180.34,1
Cristiano Marcello,175.26,70.31,182.88,1
Nick Catone,182.88,83.91,182.88,3
Ramiro Hernandez,175.26,61.23,182.04,1
Mike Rio,177.8,70.31,177.8,1
Brian Houston,187.96,83.91,182.04,1
Shunichi Shimizu,165.1,61.23,182.04,1
Will Chope,193.04,65.77,182.04,4
Quinn Mulhern,190.5,70.31,182.04,1
Dave Galera,180.34,61.23,182.04,1
Chris Leben,180.34,83.91,185.42,3
Mac Danzig,172.72,70.31,177.8,1
Cody McKenzie,182.88,70.31,182.88,4
Roger Bowling,175.26,70.31,172.72,1
Darren Uyenoyama,167.64,56.7,165.1,1
Pat Barry,180.34,106.59,187.96,1
Julie Kedzie,165.1,61.23,182.04,1
Nick Ring,182.88,83.91,187.96,3
Peggy Morgan,185.42,61.23,182.04,1
Chael Sonnen,185.42,92.99,185.42,3
Edwin Figueroa,170.18,61.23,175.26,1
Jose Maria,165.1,56.7,182.04,1
Alessio Sakara,182.88,83.91,182.88,1
Rosi Sexton,160.02,61.23,182.04,1
Michael Kuiper,182.88,83.91,185.42,1
George Sotiropoulos,177.8,70.31,180.34,1
Adlan Amagov,187.96,77.11,193.04,1
Jeremy Larsen,177.8,65.77,177.8,1
Dustin Pague,175.26,61.23,187.96,1
Thiago Silva,187.96,92.99,187.96,1
Matt Hamill,185.42,92.99,193.04,1
Joey Beltran,185.42,83.91,190.5,1
Rousimar Palhares,172.72,77.11,180.34,1
David Mitchell,182.88,77.11,190.5,1
Iliarde Santos,165.1,56.7,170.18,1
Mike Ricci,182.88,70.31,193.04,3
Nandor Guelmino,190.5,104.33,182.04,1
Marcos Vinicius,175.26,56.7,182.04,1
Joao Zeferino,180.34,77.11,182.04,1
Keith Wisniewski,182.88,77.11,182.04,1
Yuri Villefort,182.88,77.11,185.42,1
Brandon Vera,190.5,104.33,198.12,1
Pascal Krauss,185.42,77.11,182.04,1
Ryan Couture,177.8,70.31,185.42,1
Jared Hamman,190.5,83.91,190.5,1
Martin Kampmann,182.88,77.11,182.88,1
Brian Melancon,172.72,77.11,182.04,1
Papy Abedi,180.34,83.91,182.04,3
James Head,185.42,77.11,185.42,1
Ben Alloway,180.34,77.11,193.04,1
Mike Brown,167.64,65.77,177.8,1
Vinny Magalhaes,190.5,92.99,190.5,1
Sheila Gaff,165.1,61.23,182.04,1
Josh Clopton,167.64,65.77,182.04,1
Ednaldo Oliveira,195.58,92.99,182.04,1
Bristol Marunde,185.42,77.11,190.5,1
Aaron Riley,172.72,70.31,175.26,3
John Albert,172.72,61.23,172.72,1
Roger Gracie,193.04,83.91,200.66,1
Dave Herman,193.04,109.77,195.58,1
Sean Pierson,182.88,77.11,193.04,3
John Maguire,175.26,70.31,175.26,3
Eddie Mendez,177.8,83.91,182.04,1
Karlos Vemola,182.88,83.91,190.5,1
TJ Grant,177.8,70.31,182.88,1
Nah-Shon Burrell,180.34,77.11,182.04,1
Brian Bowles,170.18,61.23,177.8,1
John Cholish,180.34,70.31,187.96,1
Roger Hollett,180.34,92.99,182.04,1
Azamat Gashimov,167.64,56.7,182.04,1
Alan Belcher,187.96,83.91,190.5,1
Cheick Kongo,193.04,108.86,208.28,1
Leonard Garcia,177.8,65.77,172.72,1
Clifford Starks,182.88,83.91,198.12,1
Gilbert Smith,175.26,83.91,182.04,3
Collin Hart,185.42,83.91,182.04,1
Jimmy Quinlan,182.88,83.91,182.04,1
Bart Palaszewski,175.26,65.77,177.8,1
Justin Lawrence,172.72,65.77,170.18,1
Philip De Fries,195.58,113.4,200.66,1
Pablo Garza,185.42,65.77,185.42,1
Adam Cella,187.96,77.11,182.04,1
Chris Spang,187.96,77.11,182.04,1
Besam Yousef,180.34,77.11,182.04,1
Colin Fletcher,187.96,70.31,182.04,1
Antonio Carvalho,175.26,65.77,177.8,1
Issei Tamura,165.1,61.23,160.02,1
Reuben Duran,170.18,61.23,180.34,1
Wanderlei Silva,180.34,92.99,187.96,1
Brian Stann,185.42,92.99,187.96,1
Riki Fukuda,182.88,83.91,185.42,3
Josh Neer,180.34,77.11,182.88,1
Lavar Johnson,193.04,108.86,208.28,1
Anton Kuivanen,172.72,70.31,182.88,1
Matt Grice,172.72,65.77,177.8,1
Caros Fodor,175.26,70.31,187.96,1
Brock Jardine,180.34,77.11,182.04,1
Jon Manley,185.42,77.11,182.04,1
Jorge Santiago,185.42,77.11,190.5,1
Terry Etim,185.42,70.31,185.42,1
Paul Sass,182.88,70.31,185.42,1
Josh Grispi,180.34,65.77,187.96,1
Motonobu Tezuka,170.18,61.23,182.04,3
Ulysses Gomez,167.64,56.7,182.04,1
Jon Fitch,182.88,77.11,187.96,1
Jay Hieron,182.88,77.11,190.5,1
Jacob Volkmann,175.26,70.31,180.34,3
Mike Stumpf,177.8,77.11,182.04,1
Vladimir Matyushenko,182.88,92.99,187.96,1
Mike Russow,185.42,115.67,185.42,1
Simeon Thoresen,185.42,77.11,200.66,1
Milton Vieira,182.88,65.77,182.04,1
Diego Nunes,167.64,65.77,170.18,1
Wagner Prado,182.88,92.99,187.96,3
CJ Keith,182.88,70.31,182.04,1
Byron Bloodworth,172.72,61.23,182.04,1
Shane del Rosario,193.04,113.4,182.04,3
Jonathan Brookins,182.88,65.77,187.96,3
John Cofer,175.26,70.31,182.04,3
Jared Papazian,172.72,61.23,170.18,3
Manuel Rodriguez,175.26,77.11,182.04,1
Brendan Loughnane,177.8,65.77,177.8,4
Nick Penner,193.04,92.99,182.04,3
Henry Martinez,170.18,70.31,175.26,3
Marcus LeVesseur,175.26,70.31,177.8,3
Mark Hominick,172.72,65.77,172.72,1
Chad Griggs,185.42,92.99,185.42,1
Matthew Riddle,185.42,77.11,193.04,3
Rich Franklin,185.42,83.91,193.04,3
Zhang Tiequan,172.72,70.31,175.26,1
Jeff Hougland,170.18,61.23,172.72,1
Yasuhiro Urushitani,165.1,56.7,182.04,3
Tom DeBlass,182.88,83.91,182.04,1
Stephan Bonnar,193.04,92.99,200.66,1
Joey Gambino,170.18,65.77,182.04,1
Luiz Cane,187.96,83.91,195.58,3
Aaron Simpson,182.88,77.11,185.42,1
Carlo Prater,180.34,70.31,182.88,4
Shane Roller,177.8,70.31,182.88,1
Dan Hardy,182.88,77.11,187.96,1
Che Mills,185.42,77.11,193.04,1
Duane Ludwig,177.8,77.11,177.8,1
DaMarques Johnson,185.42,77.11,190.5,1
Jason Young,175.26,65.77,185.42,1
Walel Watson,180.34,61.23,190.5,1
Buddy Roberts,187.96,83.91,182.04,1
Tommy Hayden,175.26,65.77,182.04,3
Ken Stone,172.72,61.23,180.34,3
Eiji Mitsuoka,170.18,65.77,182.04,3
Oli Thompson,185.42,109.77,182.04,1
Michihiro Omigawa,167.64,65.77,172.72,1
Damacio Page,167.64,61.23,167.64,1
Josh Ferguson,165.1,56.7,182.04,1
Dan Stittgen,185.42,77.11,182.04,1
Forrest Griffin,190.5,92.99,195.58,1
Tito Ortiz,190.5,92.99,187.96,1
John Alessio,177.8,70.31,182.88,1
Yoislandy Izquierdo,180.34,70.31,182.04,3
Anistavio Medeiros,167.64,65.77,182.04,1
Delson Heleno,180.34,83.91,182.04,1
John Teixeira,170.18,65.77,182.04,1
Wagner Campos,167.64,65.77,182.04,3
Spencer Fisher,170.18,70.31,172.72,3
Luis Ramos,172.72,77.11,182.04,1
Ricardo Funch,177.8,77.11,187.96,3
Carlos Eduardo Rocha,177.8,77.11,185.42,1
Bernardo Magalhaes,175.26,70.31,182.04,1
Jake Hecht,182.88,77.11,185.42,1
Pat Schilling,172.72,65.77,182.04,1
Chris Tickle,175.26,70.31,182.04,1
Chris Saunders,172.72,70.31,182.04,1
Jason Miller,185.42,83.91,182.04,1
Jorge Lopez,177.8,77.11,182.04,1
Jason MacDonald,190.5,83.91,203.2,1
Kamal Shalorus,172.72,70.31,172.72,1
Jeff Curran,167.64,61.23,175.26,1
Alex Soto,172.72,61.23,182.04,3
Nick Denis,170.18,61.23,182.04,1
Mike Massenzio,187.96,83.91,185.42,3
Miguel Torres,175.26,61.23,193.04,1
Eddie Yagin,170.18,65.77,182.04,1
Eric Wisely,172.72,65.77,182.04,3
Aaron Rosa,193.04,92.99,195.58,1
Mackens Semerzier,175.26,65.77,182.88,1
Norifumi Yamamoto,162.56,61.23,167.64,3
Steve Cantwell,187.96,83.91,190.5,1
Chris Cope,182.88,77.11,182.88,1
Jon Olav Einemo,198.12,114.76,182.04,1
Christian Morecraft,198.12,117.93,205.74,1
Jorge Rivera,185.42,83.91,185.42,1
Eric Schafer,190.5,83.91,193.04,1
Daniel Roberts,177.8,77.11,187.96,3
Joseph Sandoval,170.18,61.23,182.04,3
Brock Lesnar,190.5,120.2,205.74,1
Junior Assuncao,175.26,65.77,182.88,1
Claude Patrick,180.34,77.11,190.5,1
Krzysztof Soszynski,185.42,92.99,195.58,0
Dennis Hallman,175.26,70.31,182.88,1
Rich Attonito,177.8,77.11,182.88,1
Stephen Bass,175.26,65.77,182.04,1
Dustin Neace,175.26,65.77,182.04,1
Jason Brilz,180.34,92.99,180.34,1
Nick Pace,170.18,61.23,172.72,1
Shamar Bailey,175.26,70.31,190.5,3
Clay Harvison,185.42,77.11,187.96,1
Cole Escovedo,170.18,61.23,182.88,1
Paul Bradley,175.26,77.11,182.04,1
Matt Lucas,185.42,92.99,182.04,1
Edward Faaloloto,185.42,70.31,177.8,1
Rob Broughton,187.96,120.2,187.96,1
Tyson Griffin,167.64,65.77,172.72,1
Eliot Marshall,187.96,92.99,195.58,1
Danny Downes,182.88,70.31,182.88,1
Kenny Florian,177.8,65.77,187.96,3
Matt Hughes,175.26,77.11,185.42,4
Ricardo Romero,182.88,92.99,193.04,1
Donny Walker,175.26,61.23,182.04,1
Mike Lullo,172.72,65.77,182.04,1
Ian Loveland,172.72,65.77,182.04,1
Chris Lytle,180.34,77.11,172.72,1
TJ O'Brien,187.96,70.31,182.04,1
Jason Reinhardt,167.64,61.23,182.04,1
Andre Winner,180.34,70.31,185.42,1
Joe Stevenson,170.18,65.77,177.8,1
Javier Vazquez,170.18,65.77,175.26,3
Curt Warburton,182.88,70.31,185.42,1
Edward Faaloloto,177.8,70.31,177.8,1
Shane Carwin,187.96,120.2,203.2,1
Jesse Bongfeldt,182.88,83.91,182.04,1
Tim Credeur,190.5,83.91,190.5,1
Chuck O'Neil,187.96,77.11,182.04,1
Ryan McGillivray,180.34,77.11,182.04,1
Kendall Grove,198.12,83.91,200.66,1
Randy Couture,185.42,92.99,190.5,1
Charlie Valencia,160.02,61.23,162.56,1
Ryan Jensen,185.42,83.91,193.04,1
Kyle Watson,182.88,70.31,182.04,3
Jon Madsen,182.88,108.86,182.88,1
Kris McCray,182.88,77.11,193.04,1
Sean McCorkle,200.66,120.2,205.74,1
Mario Miranda,190.5,83.91,187.96,1
Waylon Lowe,170.18,65.77,182.04,3
Ricardo Almeida,182.88,77.11,187.96,1
Kurt Pellegrino,172.72,70.31,177.8,1
Rob Kimmons,177.8,83.91,185.42,1
Todd Brown,180.34,92.99,182.04,1
Tom Blackledge,182.88,92.99,182.04,1
Chris Tuchscherer,187.96,117.03,193.04,1
Maciej Jewtuszko,182.88,70.31,182.04,3
Antonio Banuelos,165.1,61.23,160.02,1
Paul Kelly,175.26,70.31,177.8,1
Paul Taylor,182.88,70.31,182.88,1
Gabe Ruediger,177.8,70.31,182.04,1
Tim Hague,193.04,117.93,193.04,1
Mike Guymon,182.88,77.11,187.96,1
Willamy Freire,172.72,70.31,182.04,1
Amilcar Alves,182.88,77.11,182.04,3
Marcus Davis,177.8,77.11,177.8,3
Phil Baroni,175.26,77.11,182.88,1
Greg Soto,180.34,77.11,185.42,1
Antonio McKee,172.72,70.31,182.04,3
Joe Doerksen,182.88,83.91,190.5,1
Dustin Hazelett,185.42,77.11,193.04,1
Pat Audinwood,182.88,70.31,182.04,1
Aaron Wilkinson,177.8,70.31,182.04,1
Tyler Toner,172.72,65.77,177.8,1
Sako Chivitchian,180.34,70.31,182.04,1
Fredson Paixao,167.64,65.77,167.64,1
Gerald Harris,180.34,83.91,195.58,3
Maiquel Falcao,180.34,83.91,182.04,1
Brian Foster,175.26,77.11,180.34,1
Karo Parisyan,177.8,77.11,182.88,1
Goran Reljic,190.5,92.99,205.74,3
Nick Osipczak,187.96,77.11,193.04,1
Alexandre Ferreira,170.18,92.99,182.04,1
Mark Scanlon,175.26,77.11,182.04,1
Seth Petruzelli,182.88,92.99,193.04,1
Gilbert Yvel,187.96,102.06,195.58,1
James Wilks,185.42,77.11,190.5,1
Vinicius Queiroz,200.66,99.79,182.04,1
Mark Holst,182.88,70.31,182.04,1
James McSweeney,193.04,104.33,195.58,4
Matt Serra,167.64,77.11,172.72,1
Sean Sherk,167.64,70.31,170.18,1
Steve Lopez,180.34,70.31,182.04,1
Julio Paulino,182.88,77.11,182.04,1
John Gunderson,175.26,70.31,175.26,1
Tomasz Drwal,185.42,92.99,193.04,1
Forrest Petz,175.26,77.11,180.34,1
James Toney,175.26,99.79,182.04,1
John Salter,185.42,83.91,187.96,3
Rodney Wallace,175.26,92.99,182.88,4
James Irvin,187.96,92.99,190.5,1
Steve Steinbeiss,190.5,83.91,190.5,1
Keith Jardine,187.96,83.91,193.04,1
Jamie Yager,185.42,83.91,182.04,1
Josh Bryant,177.8,83.91,182.04,1
James Hammortree,190.5,83.91,182.04,1
Chuck Liddell,187.96,92.99,193.04,1
David Loiseau,182.88,83.91,193.04,1
Jesse Lennox,175.26,77.11,182.88,1
Dan Lauzon,177.8,70.31,182.04,1
Joe Brammer,172.72,70.31,182.04,1
Jesse Forbes,187.96,83.91,190.5,3
Paul Daley,175.26,77.11,193.04,1
Kevin Ferguson,187.96,106.59,195.58,1
Jonathan Goulet,182.88,77.11,185.42,1
Yoshiyuki Yoshida,180.34,77.11,177.8,3
Renzo Gracie,177.8,83.91,182.04,1
Brad Blackburn,177.8,77.11,185.42,1
Matt Veach,180.34,70.31,182.04,1
Mostapha Al-Turk,187.96,111.13,195.58,1
Nate Quarry,182.88,83.91,182.88,0
Ronys Torres,170.18,70.31,182.04,1
Rob Emerson,175.26,70.31,177.8,1
Caol Uno,170.18,70.31,177.8,3
Lucio Linhares,187.96,83.91,182.04,1
Rory Markham,182.88,77.11,180.34,1
Paul Buentello,187.96,111.13,195.58,1
Shannon Gugerty,177.8,70.31,180.34,1
Chase Gormley,190.5,120.2,182.04,1
Mark Coleman,185.42,92.99,190.5,1
Frank Trigg,175.26,77.11,180.34,3
Justin Buchholz,182.88,70.31,185.42,1
Rolles Gracie,193.04,109.77,182.04,1
Jay Silva,187.96,83.91,182.04,3
Kyle Bradley,175.26,70.31,180.34,1
Wilson Gouveia,185.42,83.91,193.04,1
Shane Nelson,175.26,70.31,177.8,3
Kevin Burns,177.8,77.11,187.96,1
Houston Alexander,182.88,92.99,182.88,1
Marcus Jones,198.12,120.2,182.04,1
Darrill Schoonover,187.96,99.79,182.04,1
Justin Wren,187.96,120.2,182.04,1
Jake Rosholt,185.42,83.91,182.04,1
Brock Larson,180.34,77.11,180.34,3
Jason Dent,177.8,70.31,180.34,1
Denis Kang,180.34,83.91,195.58,1
Rolando Delgado,190.5,70.31,195.58,1
Antoni Hardonk,193.04,111.13,198.12,1
Razak Al-Hassan,187.96,92.99,182.04,1
Hermes Franca,167.64,70.31,180.34,1
Drew McFedries,182.88,83.91,182.88,3
Roger Huerta,175.26,70.31,177.8,1
Chris Wilson,185.42,77.11,190.5,1
Justin McCully,185.42,102.06,185.42,1
Marcus Aurelio,177.8,70.31,187.96,1
Dan Cramer,187.96,77.11,182.04,1
Danillo Villefort,185.42,83.91,182.04,1
Jake O'Brien,190.5,92.99,193.04,1
Mike Ciesnolevicz,182.88,106.59,182.04,1
Frank Lester,180.34,77.11,182.04,1
Cameron Dollar,180.34,70.31,182.04,1
Dale Hartt,177.8,70.31,175.26,1
Denis Stojnic,182.88,111.13,182.04,1
Xavier Foupa-Pokam,185.42,83.91,182.04,0
Andre Gusmao,182.88,92.99,182.04,1
Brandon Wolff,175.26,77.11,182.04,1
David Kaplan,170.18,70.31,182.04,1
David Bielkheden,177.8,70.31,180.34,1
Ryo Chonan,175.26,77.11,177.8,1
Carmelo Marrero,182.88,92.99,185.42,1
Junie Browning,175.26,70.31,182.04,1
Matt Horwich,185.42,83.91,182.04,1
Jesse Sanders,182.88,77.11,182.04,1
Nissen Osterneck,187.96,83.91,182.04,1
Joe Vedepo,182.88,83.91,182.04,1
Tim McKenzie,182.88,83.91,187.96,1
Pete Sell,180.34,77.11,190.5,1
Ryan Madigan,182.88,77.11,182.04,1
Jason Day,182.88,83.91,182.88,1
Michael Patt,182.88,92.99,182.04,1
Brian Cobb,180.34,70.31,182.04,1
Per Eklund,177.8,70.31,182.88,1
Neil Grove,198.12,120.2,182.04,1
Troy Mandaloniz,175.26,77.11,182.04,1
Luigi Fioravanti,172.72,77.11,177.8,1
Rich Clementi,175.26,70.31,182.88,3
Derek Downey,185.42,83.91,182.04,1
Steve Bruno,177.8,77.11,182.04,1
Akihiro Gono,170.18,77.11,172.72,4
Christian Wellisch,187.96,106.14,195.58,1
Matt Arroyo,177.8,77.11,182.88,1
Jeremy Horn,185.42,83.91,187.96,1
Tom Egan,180.34,77.11,182.04,1
Alexandre Barros,175.26,77.11,182.04,3
Antonio Mendes,190.5,92.99,195.58,3
Ivan Serati,182.88,92.99,182.04,1
Nate Mohr,175.26,70.31,182.88,1
Dean Lister,185.42,83.91,190.5,1
Mike Wessel,182.88,117.93,182.04,1
Reese Andy,182.88,92.99,182.04,1
Dan Evensen,190.5,113.4,182.04,1
Shane Primm,190.5,92.99,182.04,1
Jules Bruchez,182.88,92.99,182.04,3
John Polakowski,177.8,70.31,182.04,1
Nate Loughran,187.96,83.91,182.04,1
Brodie Farber,185.42,77.11,182.04,1
Johnny Rees,182.88,77.11,182.04,1
Corey Hill,193.04,70.31,203.2,1
Eddie Sanchez,187.96,104.33,187.96,1
Josh Hendricks,187.96,106.59,182.04,3
Jorge Gurgel,170.18,70.31,175.26,1
Alvin Robinson,175.26,70.31,172.72,3
Ryan Thomas,182.88,77.11,182.04,1
Rameau Thierry Sokoudjou,177.8,92.99,198.12,1
Neil Wain,177.8,109.77,182.04,1
Jess Liaudin,175.26,77.11,182.88,1
David Baron,167.64,70.31,182.04,4
Samy Schiavo,172.72,70.31,182.04,1
Brad Morris,187.96,92.99,182.04,1
Jason Lambert,190.5,83.91,190.5,1
Heath Herring,193.04,113.4,198.12,1
Luke Cummo,182.88,77.11,187.96,1
Cale Yarbrough,185.42,83.91,182.04,1
James Giboo,180.34,77.11,182.04,1
Evan Tanner,182.88,83.91,187.96,1
Dante Rivera,185.42,83.91,182.04,3
Marvin Eastman,175.26,83.91,185.42,1
Rob Yundt,185.42,83.91,182.04,1
Ivan Salaverry,182.88,83.91,182.04,1
Kazuhiro Nakamura,180.34,92.99,177.8,1
War Machine,180.34,77.11,182.04,1
Jason Tan,177.8,77.11,182.04,1
Travis Lutter,180.34,83.91,190.5,1
Kalib Starnes,190.5,83.91,187.96,1
Charles McCarthy,177.8,83.91,180.34,1
Kuniyoshi Hironaka,177.8,76.2,177.8,1
Din Thomas,175.26,70.31,182.04,1
Ryan Roberts,167.64,70.31,182.04,1
Jeff Cox,177.8,70.31,182.04,1
Roman Mitichyan,177.8,77.11,182.04,1
Tommy Speer,177.8,77.11,180.34,1
John Halverson,175.26,70.31,182.04,3
Tim Sylvia,203.2,120.2,203.2,1
David Heath,180.34,92.99,182.88,1
Terry Martin,172.72,83.91,180.34,1
Alberto Crane,165.1,70.31,182.04,1
Joe Veres,170.18,70.31,182.04,1
Colin Robinson,193.04,110.22,182.04,1
James Lee,180.34,92.99,182.04,3
Jordan Radev,170.18,83.91,182.04,3
Tony DeSouza,182.88,77.11,177.8,3
Doug Evans,175.26,70.31,182.04,1
Jared Rollins,175.26,77.11,182.04,1
Billy Miles,177.8,77.11,182.04,1
Dan Barrera,175.26,77.11,182.04,1
Richie Hightower,172.72,77.11,182.04,1
John Kolosci,180.34,83.91,182.04,1
Dorian Price,190.5,77.11,182.04,3
Paul Georgieff,187.96,77.11,182.04,1
Luke Caudillo,170.18,70.31,182.04,1
Jason Black,172.72,70.31,182.04,1
Diego Saraiva,167.64,70.31,182.04,1
Scott Junk,185.42,120.2,182.04,1
Edilberto de Oliveira,182.88,77.11,182.04,1
Anthony Torres,172.72,77.11,182.04,1
Renato Sobral,185.42,92.99,190.5,1
Mike Nickels,193.04,92.99,182.04,1
Jason Gilliam,182.88,77.11,182.04,1
Jens Pulver,170.18,65.77,177.8,3
Floyd Sword,182.88,83.91,182.04,1
Brandon Melendez,180.34,70.31,182.04,3
Andy Wang,167.64,70.31,182.04,1
Allen Berube,172.72,70.31,182.04,1
Brian Geraghty,170.18,70.31,182.04,1
Hector Ramirez,182.88,92.99,182.04,1
Rory Singer,187.96,83.91,195.58,1
Scott Smith,182.88,83.91,177.8,1
Stevie Lynch,177.8,77.11,182.04,1
Pete Spratt,175.26,77.11,182.04,1
Chad Reiner,180.34,77.11,182.04,1
Sean Salmon,177.8,83.91,182.04,3
Elvis Sinosic,190.5,92.99,195.58,1
Assuerio Silva,177.8,109.32,182.04,1
David Lee,177.8,70.31,182.04,1
Victor Valimaki,182.88,92.99,182.04,1
Brad Imes,200.66,120.2,182.04,1
Josh Haynes,175.26,77.11,182.04,1
Dokonjonosuke Mishima,170.18,70.31,182.04,3
Drew Fickett,177.8,70.31,177.8,1
Rex Holman,190.5,92.99,182.04,3
Sam Hoger,187.96,92.99,182.04,1
Chris Price,187.96,83.91,182.04,3
Ross Pointon,172.72,77.11,182.04,1
Marcio Cruz,193.04,105.23,182.04,1
Jeff Joslin,182.88,77.11,182.04,1
Shonie Carter,177.8,77.11,182.04,3
Dave Menne,177.8,77.11,182.04,1
Logan Clark,187.96,83.91,182.04,1
Steve Byrnes,182.88,77.11,182.04,1
Jeff Monson,175.26,112.04,187.96,1
Sherman Pendergarst,185.42,106.59,182.04,1
Josh Shockman,193.04,106.59,182.04,3
Edwin DeWees,185.42,83.91,182.04,1
Jeremy Jackson,177.8,77.11,182.04,1
Gideon Ray,177.8,83.91,182.04,3
Justin James,177.8,70.31,182.04,1
Ken Shamrock,185.42,92.99,182.88,1
Crafton Wallace,182.88,83.91,182.04,1
Mario Neto,182.88,103.87,182.04,1
Danny Abbadi,180.34,70.31,182.04,1
Rob MacDonald,190.5,92.99,198.12,1
Wes Combs,187.96,92.99,182.04,1
Cory Walmsley,182.88,92.99,182.04,1
Yuki Sasaki,187.96,83.91,182.04,1
Jason Von Flue,182.88,77.11,182.04,1
Kristof Midoux,185.42,99.79,182.04,1
Sammy Morgan,177.8,77.11,182.04,1
Dan Christison,203.2,120.2,182.04,1
Joe Jordan,167.64,70.31,182.04,1
Gilbert Aldana,185.42,113.4,182.04,1
Branden Lee Hinkle,190.5,106.59,182.04,1
Kristian Rothaermel,182.88,92.99,182.04,0
Justin Levens,180.34,83.91,182.04,1
Solomon Hutcherson,180.34,83.91,182.04,3
Royce Gracie,185.42,79.38,182.04,3
Fabiano Scherner,190.5,116.57,182.04,1
Rick Davis,175.26,70.31,182.04,1
Nick Thompson,185.42,77.11,187.96,1
David Terrell,185.42,83.91,182.04,3
Derrick Noble,175.26,77.11,182.04,3
Ansar Chalangov,175.26,77.11,182.04,1
Trevor Prangley,185.42,83.91,190.5,1
Steve Vigneault,177.8,83.91,182.04,1
Tom Murphy,187.96,102.97,182.04,3
Icho Larenas,190.5,106.59,182.04,1
Justin Eilers,185.42,106.59,182.04,1
Mike van Arsdale,187.96,92.99,182.04,4
Mike Whitehead,185.42,92.99,182.04,1
Alex Karalexis,172.72,70.31,167.64,1
Kevin Jordan,190.5,111.13,182.04,1
Jeff Newton,187.96,92.99,182.04,2
Kit Cope,182.88,77.11,182.04,1
Kerry Schall,187.96,120.2,182.04,1
Sean Gannon,190.5,120.2,182.04,3
Keigo Kunihara,182.88,106.59,182.04,1
Tra Telligman,187.96,105.69,182.04,1
Brian Gassaway,185.42,77.11,182.04,1
Matt Lindland,182.88,83.91,187.96,3
Bill Mahood,190.5,90.72,182.04,1
Koji Oishi,172.72,77.11,182.04,1
Travis Wiuff,190.5,92.99,182.04,1
John Marsh,182.88,120.2,182.04,1
Bobby Southworth,187.96,92.99,182.04,1
Jason Thacker,177.8,83.91,182.04,1
Chris Sanford,180.34,83.91,182.04,1
Lodune Sincaid,175.26,83.91,182.04,1
Alex Schoenauer,190.5,83.91,182.04,1
Josh Rafferty,182.88,77.11,182.04,1
Mike Kyle,193.04,92.99,195.58,1
Renato Verissimo,185.42,77.11,182.04,1
Tony Fryklund,182.88,83.91,182.04,1
Vernon White,182.88,92.99,182.04,3
Ronald Jhun,180.34,77.11,182.04,1
Kimo Leopoldo,190.5,106.59,182.04,1
Curtis Stout,185.42,83.91,182.04,3
Tiki Ghosn,177.8,77.11,182.04,1
Wesley Correira,190.5,117.93,182.04,1
Wes Sims,208.28,117.93,182.04,1
Jonathan Wiezorek,190.5,113.4,182.04,3
Wade Shipp,190.5,111.13,182.04,1
Genki Sudo,175.26,70.31,182.04,1
Carlos Newton,175.26,77.11,182.04,1
Lee Murray,190.5,83.91,182.04,1
Falaniko Vitale,177.8,83.91,182.04,1
David Abbott,182.88,120.2,182.04,4
Pedro Rizzo,185.42,109.32,182.04,1
Ricco Rodriguez,193.04,120.2,182.04,1
Keith Rockel,182.88,83.91,182.04,1
Chris Liguori,175.26,83.91,182.04,1
Nick Agallar,172.72,70.31,182.04,1
Gan McGee,208.28,120.2,182.04,1
Dave Strasser,177.8,77.11,182.04,1
Gerald Strebendt,175.26,70.31,182.04,1
Eddie Ruiz,170.18,70.31,182.04,1
Romie Aram,177.8,77.11,182.04,1
Sean Alvarez,182.88,106.59,182.04,1
Richard Crunkilton,170.18,70.31,182.04,1
Mark Weir,187.96,83.91,182.04,3
Alexandre Dantas,187.96,107.95,182.04,1
Gil Castillo,175.26,77.11,182.04,3
Ian Freeman,180.34,102.06,182.04,1
Phillip Miller,180.34,83.91,182.04,1
Benji Radach,177.8,83.91,182.04,1
Eugene Jackson,172.72,83.91,182.04,1
Leigh Remedios,170.18,70.31,182.04,1
James Zikic,187.96,92.99,182.04,1
Chris Haseman,180.34,92.99,182.04,1
Nick Serra,175.26,77.11,182.04,1
Zach Light,172.72,77.11,182.04,1
Steve Berger,180.34,77.11,182.04,1
Rodrigo Ruas,177.8,83.91,182.04,1
Joao Pierini,185.42,70.31,182.04,4
Murilo Bustamante,187.96,83.01,182.04,1
Tsuyoshi Kohsaka,180.34,102.06,182.04,1
Paul Creighton,167.64,70.31,182.04,3
Amar Suloev,175.26,83.01,182.04,1
Andrei Semenov,182.88,83.91,182.04,1
Hayato Sakurai,170.18,76.2,182.04,1
Pat Miletich,177.8,77.11,182.04,1
Pete Williams,190.5,106.59,182.04,1
Kelly Dullanty,172.72,70.31,182.04,1
Jutaro Nakao,175.26,77.11,182.04,3
Kevin Randleman,177.8,92.99,182.04,1
Chris Brennan,172.72,77.11,182.04,1
Bobby Hoffman,187.96,111.13,182.04,1
Homer Moore,177.8,92.99,182.04,1
Roberto Traven,190.5,102.97,182.04,1
Fabiano Iha,172.72,70.31,182.04,1
Semmy Schilt,208.28,120.2,182.04,1
Yuki Kondo,180.34,83.01,182.04,3
Paul Rodriguez,170.18,70.31,182.04,1
Joey Gilbert,180.34,70.31,182.04,1
Phil Johns,157.48,77.11,182.04,3
Kenichi Yamamoto,182.88,77.11,182.04,1
Yoji Anjo,180.34,92.99,182.04,1
Daiju Takase,182.88,77.11,182.04,3
Lance Gibson,175.26,83.91,182.04,1
Maurice Smith,187.96,100.24,182.04,1
Aaron Brink,190.5,92.99,182.04,1
John Lewis,182.88,70.31,182.04,3
Mark Hughes,175.26,92.99,182.04,3
Alex Stiebling,187.96,92.99,182.04,3
Ben Earwood,172.72,77.11,182.04,1
Dan Severn,187.96,113.4,182.04,3
Laverne Clark,180.34,77.11,182.04,1
Tedd Williams,185.42,124.74,182.04,1
Tim Lajcik,185.42,102.06,182.04,1
Tyrone Roberts,175.26,83.91,182.04,1
David Dodd,187.96,90.72,182.04,1
Amaury Bitetti,175.26,83.91,182.04,1
Alex Andrade,180.34,90.72,182.04,1
Marcelo Aguiar,177.8,77.11,182.04,1
Joao Roque,167.64,70.31,182.04,1
Nate Schroeder,185.42,104.33,182.04,1
Adrian Serrano,172.72,77.11,182.04,1
Sanae Kikuta,175.26,90.72,182.04,1
Ron Waterman,187.96,127.01,182.04,1
Satoshi Honma,185.42,92.99,182.04,1
Ikuhisa Minowa,175.26,82.1,182.04,1
Joe Slick,182.88,90.26,182.04,1
Steve Judson,180.34,104.33,182.04,1
Jermaine Andre,170.18,90.72,182.04,1
Bob Cook,175.26,77.11,182.04,1
David Velasquez,165.1,65.77,182.04,1
Scott Adams,182.88,102.06,182.04,3
Brad Gumm,180.34,77.11,182.04,1
Katsuhisa Fujii,182.88,92.99,182.04,1
Jason DeLucia,180.34,86.18,182.04,3
Keiichiro Yamamiya,180.34,83.91,182.04,3
Masutatsu Yano,175.26,89.81,182.04,1
Frank Shamrock,177.8,83.91,182.04,1
Jason Godsey,187.96,104.33,182.04,1
Brad Kohler,175.26,99.79,182.04,1
Paul Jones,175.26,90.26,182.04,1
Valeri Ignatov,175.26,77.11,182.04,1
Lowell Anderson,167.64,72.57,182.04,1
Marco Ruas,185.42,95.25,182.04,1
Andre Pederneiras,172.72,70.31,182.04,1
Flavio Luiz Moura,180.34,83.01,182.04,0
Royce Alger,177.8,90.26,182.04,1
Andre Roberts,187.96,156.49,182.04,1
Travis Fulton,182.88,108.86,182.04,1
Bas Rutten,185.42,92.99,182.04,1
Tony Petarra,180.34,88.9,182.04,1
Marcelo Mello,170.18,77.11,182.04,3
David Roberts,185.42,77.11,182.04,1
Chris Condo,182.88,151.95,182.04,1
Guy Mezger,185.42,90.72,182.04,1
Gary Goodridge,190.5,112.94,182.04,1
Sione Latu,182.88,97.52,182.04,1
Joey Roberts,187.96,90.72,182.04,1
Jorge Patino,172.72,77.11,182.04,1
Jerry Bohlander,180.34,90.26,182.04,1
Mikey Burnett,167.64,77.11,182.04,1
Townsend Saunders,165.1,77.11,182.04,1
Darrel Gholar,172.72,88.0,182.04,1
Frank Caracci,180.34,77.11,182.04,1
John Lober,180.34,90.26,182.04,1
Ebenezer Fontes Braga,182.88,90.26,182.04,1
Tulio Palhares,185.42,81.65,182.04,1
Adriano Santos,185.42,81.65,182.04,1
Cesar Marscucci,185.42,81.65,182.04,1
Paulo Santos,185.42,81.65,182.04,1
Hugo Duarte,182.88,108.86,182.04,1
Joe Pardo,185.42,95.25,182.04,3
Bob Gilstrap,190.5,90.72,182.04,1
Allan Goes,182.88,92.99,182.04,1
Harry Moskowitz,195.58,124.74,182.04,1
Noe Hernandez,187.96,92.99,182.04,1
Igor Zinoviev,185.42,90.26,182.04,1
Kevin Jackson,177.8,90.26,182.04,4
Eugenio Tadeu,172.72,72.57,182.04,1
Courtney Turner,187.96,77.11,182.04,1
Josh Stuart,175.26,72.57,182.04,1
Kazushi Sakuraba,182.88,83.91,182.04,3
Marcus Silveira,190.5,109.77,182.04,1
Joe Charles,185.42,117.93,182.04,3
Mark Kerr,190.5,120.66,182.04,4
Dwayne Cason,177.8,96.16,182.04,1
Dave Beneteau,187.96,113.4,182.04,1
Carlos Barreto,193.04,104.33,182.04,1
Greg Stott,170.18,99.79,182.04,3
Houston Dorr,185.42,95.25,182.04,1
Alex Hunter,175.26,102.51,182.04,1
Dan Bobish,187.96,156.49,182.04,3
Brian Johnston,190.5,104.33,182.04,1
Moti Horenstein,193.04,104.33,182.04,1
Todd Butler,185.42,90.72,182.04,3
Joe Moreira,180.34,88.45,182.04,3
Yuri Vaulin,193.04,89.36,182.04,3
Sam Fulton,175.26,102.51,182.04,1
Donnie Chappell,180.34,80.74,182.04,3
Steven Graham,185.42,131.54,182.04,1
Tony Halme,190.5,136.08,182.04,1
Dmitri Stepanov,190.5,98.43,182.04,1
Enson Inoue,177.8,95.25,182.04,1
Christophe Leninger,182.88,90.72,182.04,3
Jack Nilson,182.88,90.72,182.04,1
Saeed Hosseini,182.88,90.72,182.04,1
Wes Albritton,177.8,85.28,182.04,1
Scott Ferrozzo,180.34,146.51,182.04,1
Nick Sanzo,175.26,86.18,182.04,1
Jim Mullen,185.42,97.52,182.04,3
Yoshiki Takahashi,180.34,90.26,182.04,3
Wallid Ismail,170.18,92.99,182.04,1
Rainy Martinez,182.88,90.26,182.04,1
Justin Martin,182.88,83.91,182.04,1
Eric Martin,182.88,83.91,182.04,1
Jackie Lee,175.26,86.18,182.04,1
Don Frye,185.42,99.34,182.04,1
Steve Nelmark,182.88,108.86,182.04,1
Mark Hall,182.88,86.18,182.04,1
Paul Varelans,203.2,136.08,182.04,1
Cal Worsham,180.34,104.33,182.04,1
Tai Bowden,180.34,104.33,182.04,1
Jack Nilson,180.34,104.33,182.04,1
Marcus Bossett,185.42,97.52,182.04,1
Felix Lee Mitchell,182.88,86.18,182.04,1
Fabio Gurgel,182.88,92.99,182.04,1
Sam Adkins,190.5,102.06,182.04,1
Reza Nasri,180.34,92.99,182.04,1
Julian Sanchez,190.5,136.08,182.04,1
Dave Berry,190.5,102.97,182.04,1
Sam Fulton,180.34,146.51,182.04,1
John Campetella,175.26,106.59,182.04,1
Scott Fiedler,193.04,106.59,182.04,1
Felix Lee Mitchell,190.5,102.06,182.04,1
Geza Kalman,185.42,90.72,182.04,1
Dieusel Berto,175.26,90.72,182.04,1
Koji Kitao,200.66,158.76,182.04,3
Mark Schultz,175.26,90.72,182.04,1
Rafael Carino,203.2,111.13,182.04,1
Matt Andersen,187.96,104.33,182.04,3
Zane Frazier,195.58,113.4,182.04,1
Paul Herrera,177.8,83.91,182.04,1
Thomas Ramirez,185.42,185.97,182.04,2
Keith Mielke,172.72,83.91,182.04,1
Oleg Taktarov,182.88,95.25,182.04,1
Keith Hackney,180.34,90.72,182.04,2
Steve Jennum,177.8,97.52,182.04,1
Trent Jenkins,187.96,83.91,182.04,1
Scott Bessac,193.04,111.13,182.04,1
Remco Pardoel,190.5,117.93,182.04,3
Larry Cureton,187.96,108.86,182.04,1
Ryan Parker,190.5,106.59,182.04,3
Harold Howard,187.96,108.86,182.04,1
Gerry Harris,203.2,122.47,182.04,1
David Hood,182.88,90.72,182.04,1
Onassis Parungao,180.34,90.72,182.04,1
Francesco Maturi,180.34,90.72,182.04,1
Joel Sutton,180.34,92.99,182.04,1
Anthony Macias,175.26,83.91,182.04,4
Patrick Smith,187.96,102.06,182.04,1
Rudyard Moncayo,177.8,88.45,182.04,1
John Matua,187.96,181.44,182.04,1
He-Man Gipson,175.26,83.91,182.04,1
Jack McGlaughlin,180.34,92.99,182.04,1
Todd Medina,177.8,87.54,182.04,3
Ernie Verdicia,180.34,90.26,182.04,1
Jon Hess,200.66,133.81,182.04,1
Andy Anderson,167.64,108.86,182.04,1
John Dowdy,185.42,90.72,182.04,1
Asbel Cancio,177.8,102.06,182.04,1
Melton Bowen,182.88,102.06,182.04,1
Joe Son,162.56,107.05,182.04,1
Ron van Clief,177.8,86.18,182.04,1
Jason Fairn,185.42,104.33,182.04,1
Eldo Xavier Dias,180.34,81.65,182.04,1
Kevin Rosier,193.04,124.74,182.04,1
Felix Lee Mitchell,185.42,92.99,182.04,1
Roland Payne,175.26,92.99,182.04,1
Emmanuel Yarborough,203.2,349.27,182.04,0
Johnny Rhodes,182.88,95.25,182.04,1
Orlando Wiet,177.8,77.11,182.04,3
Fred Ettish,182.88,81.65,182.04,3
Scott Morris,177.8,95.25,182.04,1
Minoki Ichihara,170.18,80.74,182.04,1
Scott Baker,182.88,95.25,182.04,1
Alberta Cerra Leon,172.72,107.95,182.04,1
Robert Lucarelli,187.96,111.13,182.04,1
Frank Hamaker,187.96,111.13,182.04,1
Thaddeus Luster,190.5,95.25,182.04,1
David Levicki,195.58,124.74,182.04,1
Ray Wizard,187.96,102.06,182.04,1
Sean Daugherty,182.88,79.38,182.04,1
